Word,Row Count,Row IDs
the,487,2-2-2-2-2-2-2-2-2-2-2-2-2-2-2-2-2-2-2-2-2-2-2-2-2-2-2-2-2-2-2-2-2-2-2-2-2-2-2-2-2-2-2-2-2-2-2-2-2-2-2-2-2-2-2-2-2-2-2-2-2-2-2-2-2-2-2-2-2-2-2-2-2-2-2-2-2-2-2-2-2-2-2-2-2-2-2-2-2-2-2-2-2-2-2-2-2-2-2-2-2-2-2-2-2-2-2-2-2-2-2-2-2-2-2-2-2-2-2-2-2-2-2-2-2-2-2-2-2-2-2-2-2-2-2-2-2-2-2-2-2-2-2-2-2-2-2-2-2-2-2-2-2-2-2-2-2-2-2-2-2-2-2-2-2-2-2-2-2-2-2-2-2-2-2-2-2-2-2-2-2-2-2-2-2-2-2-2-2-2-2-2-2-2-2-2-2-2-2-2-2-2-2-2-2-2-2-2-2-2-2-2-2-2-2-2-2-2-2-2-2-2-2-2-2-2-2-2-2-2-2-2-2-2-2-2-2-2-2-2-2-2-2-2-2-2-2-2-2-2-2-2-2-2-2-2-2-2-2-2-9-9-9-9-9-29-29-29-30-30-31-31-32-32-32-32-32-32-33-33-34-34-35-35-36-36-38-38-39-39-39-39-43-43-47-50-50-50-50-50-50-50-50-50-50-50-50-50-50-50-50-50-50-50-50-50-50-50-50-50-50-50-50-50-50-50-50-50-50-50-50-50-50-50-50-50-50-50-50-50-50-50-50-50-50-50-50-50-50-50-50-50-50-50-50-50-50-50-50-50-50-50-50-50-50-50-50-50-50-50-50-50-50-50-50-50-50-50-50-50-50-50-50-50-50-50-50-50-50-50-50-50-50-50-50-50-50-50-50-50-50-50-50-50-50-50-50-50-50-50-50-50-50-50-50-50-50-50-50-50-50-50-50-50-50-50-50-50-50-50-50-50-50-50-50-50-50-50-50-50-50-50-50-50-50-50-50-50-50-50-50-50-50-50-50-50-50-50-50-50-50-50-50-50-50-50-52-52-52-52-52-52-52-52-52-52-52-52-52-52-52-52-52-52-52-52-52
and,387,2-2-2-2-2-2-2-2-2-2-2-2-2-2-2-2-2-2-2-2-2-2-2-2-2-2-2-2-2-2-2-2-2-2-2-2-2-2-2-2-2-2-2-2-2-2-2-2-2-2-2-2-2-2-2-2-2-2-2-2-2-2-2-2-2-2-2-2-2-2-2-2-2-2-2-2-2-2-2-2-2-2-2-2-2-2-2-2-2-2-2-2-2-2-2-2-2-2-2-2-2-2-2-2-2-2-2-2-2-2-2-2-2-2-2-2-2-2-2-2-2-2-2-2-2-2-2-2-2-2-2-2-2-2-2-2-2-2-2-2-2-2-2-2-2-2-2-2-2-2-2-2-2-2-2-2-2-2-2-2-2-2-2-2-2-2-2-2-2-2-2-2-2-2-2-2-2-2-2-2-2-2-2-2-2-2-2-2-2-2-2-2-2-2-2-2-2-2-2-2-2-2-2-9-9-9-30-32-32-32-39-39-43-47-47-50-50-50-50-50-50-50-50-50-50-50-50-50-50-50-50-50-50-50-50-50-50-50-50-50-50-50-50-50-50-50-50-50-50-50-50-50-50-50-50-50-50-50-50-50-50-50-50-50-50-50-50-50-50-50-50-50-50-50-50-50-50-50-50-50-50-50-50-50-50-50-50-50-50-50-50-50-50-50-50-50-50-50-50-50-50-50-50-50-50-50-50-50-50-50-50-50-50-50-50-50-50-50-50-50-50-50-50-50-50-50-50-50-50-50-50-50-50-50-50-50-50-50-50-50-50-50-50-50-50-50-50-50-50-50-50-50-50-50-50-50-50-50-50-50-50-52-52-52-52-52-52-52-52-52-52-52-52-52-52-52-52-52-52-52-52-52-52-52-52-52-52
to,353,2-2-2-2-2-2-2-2-2-2-2-2-2-2-2-2-2-2-2-2-2-2-2-2-2-2-2-2-2-2-2-2-2-2-2-2-2-2-2-2-2-2-2-2-2-2-2-2-2-2-2-2-2-2-2-2-2-2-2-2-2-2-2-2-2-2-2-2-2-2-2-2-2-2-2-2-2-2-2-2-2-2-2-2-2-2-2-2-2-2-2-2-2-2-2-2-2-2-2-2-2-2-2-2-2-2-2-2-2-2-9-9-9-9-9-29-30-39-39-43-47-50-50-50-50-50-50-50-50-50-50-50-50-50-50-50-50-50-50-50-50-50-50-50-50-50-50-50-50-50-50-50-50-50-50-50-50-50-50-50-50-50-50-50-50-50-50-50-50-50-50-50-50-50-50-50-50-50-50-50-50-50-50-50-50-50-50-50-50-50-50-50-50-50-50-50-50-50-50-50-50-50-50-50-50-50-50-50-50-50-50-50-50-50-50-50-50-50-50-50-50-50-50-50-50-50-50-50-50-50-50-50-50-50-50-50-50-50-50-50-50-50-50-50-50-50-50-50-50-50-50-50-50-50-50-50-50-50-50-50-50-50-50-50-50-50-50-50-50-50-50-50-50-50-50-50-50-50-50-50-50-50-50-50-50-50-50-50-50-50-50-50-50-50-50-50-50-50-50-50-50-50-50-50-50-50-50-50-50-50-50-50-50-50-50-50-50-50-50-50-50-50-50-50-50-50-50-50-50-50-50-50-50-52-52-52-52-52-52-52-52-52-52-52-52-52-52-52-52-52-52-52-52
of,333,2-2-2-2-2-2-2-2-2-2-2-2-2-2-2-2-2-2-2-2-2-2-2-2-2-2-2-2-2-2-2-2-2-2-2-2-2-2-2-2-2-2-2-2-2-2-2-2-2-2-2-2-2-2-2-2-2-2-2-2-2-2-2-2-2-2-2-2-2-2-2-2-2-2-2-2-2-2-2-2-2-2-2-2-2-2-2-2-2-2-2-2-2-2-2-2-2-2-2-2-2-2-2-2-2-2-2-2-2-2-2-2-2-2-2-2-2-2-2-2-2-2-2-2-2-2-2-2-2-2-2-2-2-2-2-2-2-2-2-2-2-2-2-2-2-2-2-2-2-2-2-2-2-2-2-2-2-2-2-2-2-2-2-2-2-2-2-2-2-2-2-2-2-2-2-2-2-2-2-2-2-9-9-9-30-32-32-47-50-50-50-50-50-50-50-50-50-50-50-50-50-50-50-50-50-50-50-50-50-50-50-50-50-50-50-50-50-50-50-50-50-50-50-50-50-50-50-50-50-50-50-50-50-50-50-50-50-50-50-50-50-50-50-50-50-50-50-50-50-50-50-50-50-50-50-50-50-50-50-50-50-50-50-50-50-50-50-50-50-50-50-50-50-50-50-50-50-50-50-50-50-50-50-50-50-50-50-50-50-50-50-50-50-50-50-50-50-50-50-50-50-50-50-50-50-50-50-50-50-52-52-52-52-52-52-52-52-52-52-52-52-52-52-52-52-52-52-52-52-52-52-52-52
in,241,2-2-2-2-2-2-2-2-2-2-2-2-2-2-2-2-2-2-2-2-2-2-2-2-2-2-2-2-2-2-2-2-2-2-2-2-2-2-2-2-2-2-2-2-2-2-2-2-2-2-2-2-2-2-2-2-2-2-2-2-2-2-2-2-2-2-2-2-2-2-2-2-2-2-2-2-2-2-2-2-2-2-2-2-2-2-2-2-2-2-2-2-2-2-2-2-2-2-2-2-2-2-2-2-2-2-2-2-2-2-2-2-2-2-2-2-2-2-2-2-2-2-2-2-2-2-2-2-2-2-2-2-2-2-2-2-2-2-2-2-2-2-2-2-2-2-2-2-2-2-9-9-9-9-32-34-47-50-50-50-50-50-50-50-50-50-50-50-50-50-50-50-50-50-50-50-50-50-50-50-50-50-50-50-50-50-50-50-50-50-50-50-50-50-50-50-50-50-50-50-50-50-50-50-50-50-50-50-50-50-50-50-50-50-50-50-50-50-50-50-50-50-50-50-52-52-52-52-52-52-52-52-52-52-52-52-52-52-52-52-52
a,182,2-2-2-2-2-2-2-2-2-2-2-2-2-2-2-2-2-2-2-2-2-2-2-2-2-2-2-2-2-2-2-2-2-2-2-2-2-2-2-2-2-2-2-2-2-2-2-2-2-2-2-2-2-2-2-2-2-2-2-2-2-2-2-2-2-2-2-2-2-2-2-2-2-2-2-2-2-2-2-2-2-2-2-2-9-29-29-30-37-39-39-39-39-43-43-47-47-47-50-50-50-50-50-50-50-50-50-50-50-50-50-50-50-50-50-50-50-50-50-50-50-50-50-50-50-50-50-50-50-50-50-50-50-50-50-50-50-50-50-50-50-50-50-50-50-50-50-50-50-50-50-50-50-50-50-50-50-50-50-50-50-50-50-50-50-50-50-50-50-50-52-52-52-52-52-52-52-52-52-52-52-52
or,160,2-2-2-2-2-2-2-2-2-2-2-2-2-2-2-2-2-2-2-2-2-2-2-2-2-2-9-9-29-29-30-30-32-39-39-43-47-50-50-50-50-50-50-50-50-50-50-50-50-50-50-50-50-50-50-50-50-50-50-50-50-50-50-50-50-50-50-50-50-50-50-50-50-50-50-50-50-50-50-50-50-50-50-50-50-50-50-50-50-50-50-50-50-50-50-50-50-50-50-50-50-50-50-50-50-50-50-50-50-50-50-50-50-50-50-50-50-50-50-50-50-50-50-50-50-50-50-50-50-50-50-50-50-50-50-50-50-50-52-52-52-52-52-52-52-52-52-52-52-52-52-52-52-52-52-52-52-52-52-52
you,156,9-9-9-9-9-29-32-32-34-47-47-47-50-50-50-50-50-50-50-50-50-50-50-50-50-50-50-50-50-50-50-50-50-50-50-50-50-50-50-50-50-50-50-50-50-50-50-50-50-50-50-50-50-50-50-50-50-50-50-50-50-50-50-50-50-50-50-50-50-50-50-50-50-50-50-50-50-50-50-50-50-50-50-50-50-50-50-50-50-50-50-50-50-50-50-50-50-50-50-50-50-50-50-50-50-50-50-50-50-50-50-50-50-50-50-50-50-50-50-50-50-50-50-50-50-50-50-50-50-50-50-50-50-50-50-50-50-50-50-50-50-50-50-50-50-50-50-50-50-50-50-50-50-50-50-50
your,134,9-9-9-9-9-29-32-32-50-50-50-50-50-50-50-50-50-50-50-50-50-50-50-50-50-50-50-50-50-50-50-50-50-50-50-50-50-50-50-50-50-50-50-50-50-50-50-50-50-50-50-50-50-50-50-50-50-50-50-50-50-50-50-50-50-50-50-50-50-50-50-50-50-50-50-50-50-50-50-50-50-50-50-50-50-50-50-50-50-50-50-50-50-50-50-50-50-50-50-50-50-50-50-50-50-50-50-50-50-50-50-50-50-50-50-50-50-50-50-50-50-50-50-50-50-50-50-50-50-50-50-50-50-50
this,111,2-2-2-2-2-3-3-4-5-6-7-7-8-8-9-10-11-11-12-13-14-15-16-16-17-17-18-19-20-21-22-22-23-24-25-26-27-28-31-32-32-32-33-34-35-36-38-40-41-42-44-45-46-48-49-50-50-50-50-50-50-50-50-50-50-50-50-50-50-50-50-50-50-50-50-50-50-50-50-50-50-50-50-50-50-50-50-50-50-50-50-50-50-50-50-50-50-50-50-50-50-50-50-50-50-50-50-51-52-52-52
be,108,2-2-2-2-2-2-2-2-2-2-2-2-2-2-2-2-3-3-4-5-6-7-7-8-8-10-11-11-12-13-14-15-16-16-17-17-18-19-20-21-22-22-23-24-25-26-27-28-32-39-39-40-41-42-43-44-45-46-48-49-50-50-50-50-50-50-50-50-50-50-50-50-50-50-50-50-50-50-50-50-50-50-50-50-50-50-50-50-50-50-50-50-50-50-50-50-50-50-50-51-52-52-52-52-52-52-52-52
with,103,2-2-2-2-2-2-2-2-2-2-2-2-2-2-2-2-2-2-2-2-2-2-2-2-2-2-2-2-2-2-2-2-2-2-2-2-2-2-2-2-2-2-2-2-47-50-50-50-50-50-50-50-50-50-50-50-50-50-50-50-50-50-50-50-50-50-50-50-50-50-50-50-50-50-50-50-50-50-50-50-50-50-50-50-50-50-50-50-50-50-50-50-50-50-50-50-50-52-52-52-52-52-52
as,101,2-2-2-2-2-2-2-2-2-2-2-2-2-2-2-2-2-2-2-2-2-2-2-2-2-2-2-2-2-2-2-2-2-2-2-2-2-2-2-2-2-2-2-2-2-2-2-50-50-50-50-50-50-50-50-50-50-50-50-50-50-50-50-50-50-50-50-50-50-50-50-50-50-50-50-50-50-50-50-50-50-50-50-50-50-50-50-50-50-50-52-52-52-52-52-52-52-52-52-52-52
by,100,2-2-2-2-2-2-2-2-2-2-2-2-2-2-2-2-2-2-2-2-2-2-2-2-2-2-2-2-2-2-2-2-2-2-2-2-2-2-2-2-2-2-2-2-2-2-2-2-2-2-2-2-2-2-2-2-9-9-37-50-50-50-50-50-50-50-50-50-50-50-50-50-50-50-50-50-50-50-50-50-50-50-50-50-50-50-50-50-50-50-50-50-50-50-50-52-52-52-52-52
may,100,2-2-2-2-2-2-2-2-2-2-3-3-4-5-6-7-7-8-8-10-11-11-12-13-14-15-16-16-17-17-18-19-20-21-22-22-23-24-25-26-27-28-29-32-32-40-41-42-44-45-46-48-49-50-50-50-50-50-50-50-50-50-50-50-50-50-50-50-50-50-50-50-50-50-50-50-50-50-50-50-50-50-50-50-50-50-50-50-50-50-50-50-50-51-52-52-52-52-52-52
Wikimedia,100,9-50-50-50-50-50-50-50-50-50-50-50-50-50-50-50-50-50-50-50-50-50-50-50-50-50-50-50-50-50-50-50-50-50-50-50-50-50-50-50-50-50-50-50-50-50-50-50-50-50-50-50-50-50-50-50-50-50-50-50-50-50-50-50-50-50-50-50-50-50-50-50-50-50-50-50-50-50-50-50-50-50-50-52-52-52-52-52-52-52-52-52-52-52-52-52-52-52-52-52
for,97,2-2-2-2-2-2-2-2-2-2-2-2-2-2-2-2-2-2-2-2-2-2-2-2-2-2-2-2-2-2-2-2-2-2-2-2-2-2-2-2-2-2-2-2-2-2-2-2-9-9-9-9-30-32-37-39-39-43-47-50-50-50-50-50-50-50-50-50-50-50-50-50-50-50-50-50-50-50-50-50-50-50-50-50-50-50-50-50-50-50-50-50-52-52-52-52-52
we,89,9-50-50-50-50-50-50-50-50-50-50-50-50-50-50-50-50-50-50-50-50-50-50-50-50-50-50-50-50-50-50-50-50-50-50-50-50-50-50-50-50-50-50-50-50-50-50-50-50-50-50-50-50-50-50-50-50-50-50-50-50-50-50-50-50-50-50-50-50-50-50-50-50-50-50-50-50-50-50-50-50-50-50-50-50-50-52-52-52
is,88,2-2-2-2-2-2-2-2-2-2-2-2-2-2-2-2-2-2-2-2-2-2-2-2-2-2-2-2-2-2-2-2-2-2-9-9-9-9-30-39-39-43-47-50-50-50-50-50-50-50-50-50-50-50-50-50-50-50-50-50-50-50-50-50-50-50-50-50-50-50-50-50-50-50-50-50-50-50-50-50-50-50-50-52-52-52-52-52
that,84,2-2-2-2-2-2-2-2-2-2-2-2-2-2-2-2-2-2-9-32-32-39-39-43-50-50-50-50-50-50-50-50-50-50-50-50-50-50-50-50-50-50-50-50-50-50-50-50-50-50-50-50-50-50-50-50-50-50-50-50-50-50-50-50-50-50-50-50-50-50-50-50-50-50-50-50-50-50-50-50-52-52-52-52
are,80,2-2-2-2-2-2-2-2-2-2-2-2-2-2-2-2-2-2-2-2-2-2-2-2-2-2-2-2-2-2-2-2-2-2-2-2-2-2-2-2-9-9-9-50-50-50-50-50-50-50-50-50-50-50-50-50-50-50-50-50-50-50-50-50-50-50-50-50-50-50-50-50-50-50-50-50-52-52-52-52
on,78,2-2-2-2-2-2-2-2-2-2-2-2-2-2-2-2-2-2-2-2-2-2-2-2-2-2-2-2-2-2-2-2-29-30-30-31-32-33-34-35-36-37-38-50-50-50-50-50-50-50-50-50-50-50-50-50-50-50-50-50-50-50-50-50-50-50-50-50-50-50-50-50-50-50-50-52-52-52
use,78,2-2-2-2-2-2-2-2-2-2-2-2-2-2-2-30-32-32-37-50-50-50-50-50-50-50-50-50-50-50-50-50-50-50-50-50-50-50-50-50-50-50-50-50-50-50-50-50-50-50-50-50-50-50-50-50-50-50-50-50-50-50-50-50-50-50-50-50-50-50-50-50-50-50-50-50-50-50
our,75,50-50-50-50-50-50-50-50-50-50-50-50-50-50-50-50-50-50-50-50-50-50-50-50-50-50-50-50-50-50-50-50-50-50-50-50-50-50-50-50-50-50-50-50-50-50-50-50-50-50-50-50-50-50-50-50-50-50-50-50-50-50-50-50-50-50-50-50-50-50-50-50-52-52-52
We,69,9-32-50-50-50-50-50-50-50-50-50-50-50-50-50-50-50-50-50-50-50-50-50-50-50-50-50-50-50-50-50-50-50-50-50-50-50-50-50-50-50-50-50-50-50-50-50-50-50-50-50-50-50-50-50-50-50-50-50-50-50-50-50-52-52-52-52-52-52
cars,67,2-2-2-2-2-2-2-2-2-2-2-2-2-2-2-2-2-2-2-2-2-2-2-2-2-2-2-2-2-2-2-2-2-2-2-2-2-2-2-2-2-2-2-2-2-2-2-2-2-2-2-2-2-2-2-2-2-2-2-2-2-2-2-2-2-2-2
car,62,2-2-2-2-2-2-2-2-2-2-2-2-2-2-2-2-2-2-2-2-2-2-2-2-2-2-2-2-2-2-2-2-2-2-2-2-2-2-2-2-2-2-2-2-2-2-2-2-2-2-2-2-2-2-2-2-2-2-2-2-2-2
not,61,2-2-2-2-2-2-2-2-9-9-32-32-39-39-43-50-50-50-50-50-50-50-50-50-50-50-50-50-50-50-50-50-50-50-50-50-50-50-50-50-50-50-50-50-50-50-50-50-50-50-50-50-50-50-50-50-52-52-52-52-52
can,57,2-2-2-2-2-2-2-2-9-30-32-39-39-43-47-47-50-50-50-50-50-50-50-50-50-50-50-50-50-50-50-50-50-50-50-50-50-50-50-50-50-50-50-50-50-50-50-50-50-50-50-50-50-52-52-52-52
information,56,9-50-50-50-50-50-50-50-50-50-50-50-50-50-50-50-50-50-50-50-50-50-50-50-50-50-50-50-50-50-50-50-50-50-50-50-50-50-50-50-50-50-50-50-50-50-50-50-50-50-50-50-50-50-50-50
more,53,2-2-2-2-2-2-2-2-2-2-2-2-2-2-2-2-2-2-2-2-2-2-9-9-50-50-50-50-50-50-50-50-50-50-50-50-50-50-50-50-50-50-50-50-50-50-50-50-50-50-50-50-50
The,51,2-2-2-2-2-2-2-2-2-2-2-2-2-2-2-2-2-2-2-2-2-2-2-2-2-2-2-2-2-2-2-2-2-2-2-2-2-30-39-39-43-50-50-50-50-50-50-52-52-52-52
from,50,2-2-2-2-2-2-2-2-2-2-2-2-2-2-2-2-2-2-2-2-2-2-2-2-2-2-2-2-2-2-2-2-50-50-50-50-50-50-50-50-50-50-50-50-50-50-50-50-50-50
was,49,2-2-2-2-2-2-2-2-2-2-2-2-2-2-2-2-2-2-2-2-2-2-2-2-2-2-2-2-2-2-2-2-2-2-2-2-2-2-2-2-2-2-2-2-47-50-50-50-50
Personal,49,2-50-50-50-50-50-50-50-50-50-50-50-50-50-50-50-50-50-50-50-50-50-50-50-50-50-50-50-50-50-50-50-50-50-50-50-50-50-50-50-50-50-50-50-50-50-50-50-50
Information,48,50-50-50-50-50-50-50-50-50-50-50-50-50-50-50-50-50-50-50-50-50-50-50-50-50-50-50-50-50-50-50-50-50-50-50-50-50-50-50-50-50-50-50-50-50-50-50-50
have,45,2-2-2-2-2-2-2-2-2-2-2-2-2-2-2-2-2-2-2-2-2-2-2-2-9-9-29-50-50-50-50-50-50-50-50-50-50-50-50-50-50-50-50-50-50
Other,42,2-3-3-4-5-6-7-7-8-8-10-11-11-12-13-14-15-16-16-17-17-18-19-20-21-22-22-23-24-25-26-27-28-40-41-42-44-45-46-48-49-51
reasons,42,3-3-4-5-6-7-7-8-8-10-11-11-12-13-14-15-16-16-17-17-18-19-20-21-22-22-23-24-25-26-27-28-40-41-42-44-45-46-48-49-50-51
message,41,3-3-4-5-6-7-7-8-8-10-11-11-12-13-14-15-16-16-17-17-18-19-20-21-22-22-23-24-25-26-27-28-40-41-42-44-45-46-48-49-51
displayed:,41,3-3-4-5-6-7-7-8-8-10-11-11-12-13-14-15-16-16-17-17-18-19-20-21-22-22-23-24-25-26-27-28-40-41-42-44-45-46-48-49-51
about,40,2-2-2-2-2-2-2-2-2-2-50-50-50-50-50-50-50-50-50-50-50-50-50-50-50-50-50-50-50-50-50-50-50-50-50-50-50-50-50-50
an,38,2-2-2-2-2-2-2-2-2-2-2-2-2-2-2-2-2-9-9-50-50-50-50-50-50-50-50-50-50-50-50-50-50-50-50-50-52-52
Sites,38,50-50-50-50-50-50-50-50-50-50-50-50-50-50-50-50-50-50-50-50-50-50-50-50-50-50-50-50-50-50-50-50-50-50-50-50-50-50
other,37,2-2-2-2-2-2-2-2-2-2-2-2-2-2-2-50-50-50-50-50-50-50-50-50-50-50-50-50-50-50-50-50-50-50-52-52-52
such,37,2-2-2-2-2-2-2-2-2-2-2-2-2-2-2-2-2-2-2-2-50-50-50-50-50-50-50-50-50-50-50-50-50-50-50-50-50
also,35,2-2-2-2-2-2-2-2-2-2-2-2-2-2-30-31-32-33-35-36-38-50-50-50-50-50-50-50-50-50-50-50-50-50-50
it,35,2-2-2-9-29-39-39-43-50-50-50-50-50-50-50-50-50-50-50-50-50-50-50-50-50-50-50-50-50-50-52-52-52-52-52
their,33,2-2-2-2-2-2-2-2-2-2-2-32-37-50-50-50-50-50-50-50-50-50-50-50-50-50-50-50-50-50-52-52-52
first,32,2-2-2-2-2-2-2-2-2-2-2-2-2-2-2-2-2-2-2-2-2-2-2-2-2-2-2-2-2-2-2-2
In,32,2-2-2-2-2-2-2-2-2-2-2-2-2-2-2-2-2-2-2-2-2-2-50-50-50-50-50-52-52-52-52-52
which,32,2-2-2-2-2-2-2-2-2-2-2-2-2-2-2-2-2-2-2-2-2-9-50-50-50-50-50-50-50-50-50-52
will,32,2-2-2-50-50-50-50-50-50-50-50-50-50-50-50-50-50-50-50-50-50-50-50-50-50-50-50-50-50-52-52-52
Policy,32,50-50-50-50-50-50-50-50-50-50-50-50-50-50-50-50-50-50-50-50-50-50-50-50-50-50-50-50-50-50-50-50
if,31,2-2-2-32-50-50-50-50-50-50-50-50-50-50-50-50-50-50-50-50-50-50-50-50-50-50-50-50-50-50-52
some,31,2-2-2-2-2-2-2-2-2-2-50-50-50-50-50-50-50-50-50-50-50-50-50-50-50-50-50-50-50-50-52
vehicles,29,2-2-2-2-2-2-2-2-2-2-2-2-2-2-2-2-2-2-2-2-2-2-2-2-2-2-2-2-2
at,29,2-2-2-2-2-2-2-2-2-2-2-2-2-2-9-9-30-47-50-50-50-50-50-50-50-50-50-50-50
how,27,30-50-50-50-50-50-50-50-50-50-50-50-50-50-50-50-50-50-50-50-50-50-50-50-50-50-50
do,27,50-50-50-50-50-50-50-50-50-50-50-50-50-50-50-50-50-50-50-50-50-50-50-50-50-50-50
were,26,2-2-2-2-2-2-2-2-2-2-2-2-2-2-2-2-2-2-2-2-2-2-2-2-2-50
all,26,2-2-2-2-2-2-2-2-9-30-50-50-50-50-50-50-50-52-52-52-52-52-52-52-52-52
Privacy,26,50-50-50-50-50-50-50-50-50-50-50-50-50-50-50-50-50-50-50-50-50-50-50-50-50-50
any,25,2-2-9-50-50-50-50-50-50-50-50-50-50-50-50-50-50-50-50-50-50-52-52-52-52
This,24,2-2-2-2-9-32-32-50-50-50-50-50-50-50-50-50-50-50-52-52-52-52-52-52
these,24,2-2-2-2-2-2-2-50-50-50-50-50-50-50-50-50-50-50-50-50-50-50-50-52
include,23,2-2-2-2-2-2-2-2-2-2-2-2-2-2-2-2-32-50-50-50-50-50-52
For,23,2-2-2-9-32-50-50-50-50-50-50-50-50-50-50-50-50-50-50-50-50-50-50
used,22,2-2-2-2-2-2-2-2-50-50-50-50-50-50-50-50-50-50-50-50-50-50
but,22,2-2-2-2-2-2-2-2-2-9-39-39-43-50-50-50-50-50-50-52-52-52
data,22,2-50-50-50-50-50-50-50-50-50-50-50-50-50-50-50-50-50-50-50-50-50
You,22,9-9-30-39-39-43-50-50-50-50-50-50-50-50-50-50-50-50-50-50-50-50
page,22,9-29-29-29-31-32-32-33-34-35-36-38-39-39-43-47-47-50-50-50-50-50
public,21,2-2-2-2-2-50-50-50-50-50-50-50-50-50-50-50-50-50-50-50-50
If,21,9-29-47-50-50-50-50-50-50-50-50-50-50-50-50-50-50-50-50-50-50
receive,21,50-50-50-50-50-50-50-50-50-50-50-50-50-50-50-50-50-50-50-50-50
so,20,2-2-2-2-2-2-2-2-50-50-50-50-50-50-50-50-50-50-50-52
only,20,2-2-2-2-2-2-9-34-50-50-50-50-50-50-50-50-50-50-50-50
search,20,29-30-30-31-32-32-32-32-32-33-34-35-36-37-38-39-39-43-47-50
vehicle,19,2-2-2-2-2-2-2-2-2-2-2-2-2-2-2-2-2-2-2
they,19,2-2-2-2-2-2-2-2-2-2-2-2-2-50-50-50-50-50-52
like,19,2-2-2-2-2-2-50-50-50-50-50-50-50-50-50-50-50-50-50
us,19,29-50-50-50-50-50-50-50-50-50-50-50-50-50-50-50-50-50-50
been,18,2-2-2-2-2-2-2-2-2-2-2-2-2-2-2-47-50-50
production,18,2-2-2-2-2-2-2-2-2-2-2-2-2-2-2-2-2-2
users,18,2-32-50-50-50-50-50-50-50-50-50-50-50-50-50-50-50-50
access,18,50-50-50-50-50-50-50-50-50-50-50-50-50-50-50-50-50-50
when,17,2-2-2-2-50-50-50-50-50-50-50-50-50-50-50-50-52
Benz,17,2-2-2-2-2-2-2-2-2-2-2-2-2-2-2-2-2
his,17,2-2-2-2-2-2-2-2-2-2-2-2-2-2-2-2-2
time,17,2-2-2-2-9-29-50-50-50-50-50-50-50-50-50-50-50
create,17,2-29-29-39-39-43-50-50-50-50-50-50-50-50-50-50-50
make,17,2-50-50-50-50-50-50-50-50-50-50-50-50-50-50-50-52
share,17,2-2-2-50-50-50-50-50-50-50-50-50-50-50-50-50-52
address,17,9-50-50-50-50-50-50-50-50-50-50-50-50-50-50-50-50
request,17,29-39-39-43-47-50-50-50-50-50-50-50-50-50-50-50-50
Policy.,17,50-50-50-50-50-50-50-50-50-50-50-50-50-50-50-50-50
Sites.,17,50-50-50-50-50-50-50-50-50-50-50-50-50-50-50-50-50
than,16,2-2-2-2-2-2-2-2-2-2-2-2-2-50-50-50
fuel,16,2-2-2-2-2-2-2-2-2-2-2-2-2-2-2-2
example,16,2-2-2-2-9-50-50-50-50-50-50-50-50-50-50-50
email,16,9-50-50-50-50-50-50-50-50-50-50-50-50-50-50-50
built,15,2-2-2-2-2-2-2-2-2-2-2-2-2-2-2
engine,15,2-2-2-2-2-2-2-2-2-2-2-2-2-2-2
made,15,2-2-2-2-2-9-50-50-50-50-50-50-50-50-50
through,15,2-2-2-2-50-50-50-50-50-50-50-50-50-50-52
using,15,2-2-2-29-29-32-50-50-50-50-50-50-50-50-50
provide,15,2-30-50-50-50-50-50-50-50-50-50-50-50-50-50
please,15,9-9-50-50-50-50-50-50-50-50-50-50-50-50-50
user,15,50-50-50-50-50-50-50-50-50-50-50-50-50-50-50
them,14,2-2-2-2-2-2-50-50-50-50-50-50-50-50
electric,14,2-2-2-2-2-2-2-2-2-2-2-2-2-2
It,14,2-2-2-2-2-2-2-2-2-50-50-52-52-52
who,14,2-2-2-2-9-50-50-50-50-52-52-52-52-52
mobile,14,2-2-50-50-50-50-50-50-50-50-50-50-50-50
help,14,47-50-50-50-50-50-50-50-50-50-50-50-50-52
what,13,2-2-50-50-50-50-50-50-50-50-50-50-52
had,13,2-2-2-2-2-2-2-2-2-2-2-2-2
would,13,2-2-2-2-2-50-50-50-50-50-52-52-52
technologies,13,2-2-50-50-50-50-50-50-50-50-50-50-50
projects,13,2-2-50-52-52-52-52-52-52-52-52-52-52
account,13,9-50-50-50-50-50-50-50-50-50-50-50-52
see,13,9-39-39-43-47-50-50-50-50-50-50-50-50
want,13,50-50-50-50-50-50-50-50-50-50-50-50-52
IP,13,50-50-50-50-50-50-50-50-50-50-50-50-50
legal,13,50-50-50-50-50-50-50-50-50-50-50-50-52
one,12,2-2-2-2-2-2-2-2-2-2-2-50
most,12,2-2-2-2-2-2-50-50-50-50-50-52
created,12,2-2-2-39-39-43-47-47-50-50-50-50
often,12,2-2-2-2-2-2-2-50-50-50-50-52
Daimler,12,2-2-2-2-2-2-2-2-2-2-2-2
new,12,2-2-2-2-2-50-50-50-50-50-52-52
improve,12,2-50-50-50-50-50-50-50-50-50-50-50
Car/wiki/Car,12,29-30-31-32-33-34-35-36-38-39-39-43
Foundation,12,50-50-50-50-50-50-50-50-52-52-52-52
believe,12,50-50-50-50-50-50-50-50-50-50-52-52
understand,12,50-50-50-50-50-50-50-50-50-50-50-50
road,11,2-2-2-2-2-2-2-2-2-2-2
variety,11,2-2-2-2-2-50-50-50-50-50-50
line,11,2-2-2-2-2-2-2-2-2-2-52
no,11,2-2-2-9-50-50-50-50-50-50-50
policies,11,2-50-50-50-50-50-50-50-50-52-52
service,11,2-50-50-50-50-50-50-50-50-50-50
learn,11,30-50-50-50-50-50-50-50-50-50-50
better,11,50-50-50-50-50-50-50-50-50-50-50
Ford,10,2-2-2-2-2-2-2-2-2-2
Cars,10,2-2-2-2-2-2-2-2-2-2
controls,10,2-2-2-2-2-2-2-2-2-2
These,10,2-2-2-2-50-50-50-50-50-52
combustion,10,2-2-2-2-2-2-2-2-2-2
before,10,2-2-2-2-2-2-50-50-50-50
change,10,2-2-2-2-50-50-50-50-50-50
benefits,10,2-2-2-2-2-2-2-2-2-2
has,10,2-2-2-2-2-2-2-2-47-50
limited,10,2-2-2-2-2-50-50-52-52-52
including,10,2-2-2-2-2-50-50-50-52-52
name,10,2-2-2-2-50-50-50-50-50-50
includes,10,2-2-50-50-50-52-52-52-52-52
otherwise,10,2-50-50-50-50-50-50-50-50-52
services,10,2-50-50-50-50-50-50-50-50-50
results,10,31-32-33-35-36-38-39-39-43-50
third-party,10,50-50-50-50-50-50-50-50-50-50
FAQ.,10,50-50-50-50-50-50-50-50-50-50
providers,10,50-50-50-50-50-50-50-50-50-50
disclose,10,50-50-50-50-50-50-50-50-50-50
people,9,2-2-2-2-50-50-52-52-52
transport,9,2-2-2-2-2-2-2-2-2
designed,9,2-2-2-2-2-2-2-2-50
internal,9,2-2-2-2-2-2-2-2-2
systems,9,2-2-2-2-2-2-2-50-50
fossil,9,2-2-2-2-2-2-2-2-2
costs,9,2-2-2-2-2-2-2-2-2
interest,9,2-9-9-50-50-50-50-50-50
its,9,2-2-2-2-2-2-2-29-30
place,9,2-2-2-2-2-50-50-50-50
under,9,2-2-2-2-32-50-50-50-50
location,9,2-2-50-50-50-50-50-50-50
automatically,9,2-50-50-50-50-50-50-50-50
See,9,29-31-32-33-35-36-38-50-50
whether,9,29-39-39-43-50-50-50-52-52
device,9,50-50-50-50-50-50-50-50-50
necessary,9,50-50-50-50-50-50-50-50-50
run,8,2-2-2-2-2-50-50-50
while,8,2-2-2-2-2-2-50-52
US,8,2-2-2-2-2-2-2-2
after,8,2-2-2-2-2-50-50-50
features,8,2-2-2-50-50-50-50-50
air,8,2-2-2-2-2-2-2-2
early,8,2-2-2-2-2-2-2-2
less,8,2-2-2-2-2-2-50-50
many,8,2-2-2-2-2-2-32-52
world's,8,2-2-2-2-2-2-2-2
each,8,2-2-2-2-2-9-50-52
Maybach,8,2-2-2-2-2-2-2-2
patent,8,2-2-2-2-2-2-2-2
between,8,2-2-2-2-2-2-2-50
up,8,2-2-2-2-2-2-50-50
companies,8,2-2-2-2-2-2-2-2
there,8,2-2-2-2-2-2-50-50
version,8,2-50-50-50-50-50-50-50
based,8,2-2-2-2-2-50-52-52
could,8,2-2-2-2-2-2-50-50
work,8,2-2-50-50-50-50-50-50
brakes,8,2-2-2-2-2-2-2-2
However,8,2-2-50-50-50-50-50-50
via,8,2-50-50-50-50-50-50-50
without,8,2-50-50-50-50-50-52-52
Please,8,30-50-50-50-50-50-50-50
To,8,37-50-50-50-50-50-50-50
privacy,8,50-50-50-50-50-50-50-50
protect,8,50-50-50-50-50-50-50-52
and/or,8,50-50-50-50-50-50-52-52
automobile,7,2-2-2-2-2-2-2
part,7,2-2-2-2-2-50-50
pollution,7,2-2-2-2-2-2-2
automotive,7,2-2-2-2-2-2-2
industry,7,2-2-2-2-2-2-2
steam,7,2-2-2-2-2-2-2
development,7,2-2-2-2-2-2-2
company,7,2-2-2-2-2-2-2
sold,7,2-2-2-2-2-2-2
France,7,2-2-2-2-2-2-2
Because,7,2-50-50-50-50-50-50
set,7,2-2-2-2-50-50-52
petrol,7,2-2-2-2-2-2-2
assembly,7,2-2-2-2-2-2-2
As,7,2-2-2-50-50-50-50
result,7,2-2-2-2-50-50-52
certain,7,2-50-50-50-50-50-50
countries,7,2-2-2-2-2-2-50
local,7,2-50-50-50-52-52-52
Some,7,2-2-2-2-2-50-50
cities,7,2-2-2-2-2-2-2
increased,7,2-2-2-2-2-2-50
physical,7,2-2-50-50-50-52-52
types,7,2-2-2-50-50-50-50
publicly,7,2-50-50-50-50-50-50
contributions,7,9-50-50-50-50-50-50
Wikipedia,7,9-9-9-9-30-50-50
keep,7,9-50-50-50-50-50-50
further,7,9-50-50-50-50-50-50
experience,7,9-50-50-50-50-50-50
Create,7,31-32-33-34-35-36-38
wiki!,7,31-32-33-34-35-36-38
does,7,39-39-43-50-50-50-50
below,7,39-39-43-50-50-50-50
list,7,47-50-50-50-50-50-50
should,7,50-50-50-50-50-50-52
give,7,50-50-50-50-50-50-50
you.,7,50-50-50-50-50-50-50
technical,7,50-50-50-50-50-50-52
applies,7,50-50-52-52-52-52-52
Site,7,50-50-50-50-50-50-50
except,7,50-50-50-50-50-50-50
visit,7,50-50-50-50-50-50-50
stored,7,50-50-50-50-50-50-50
legitimate,7,50-50-50-50-50-50-50
reasonably,7,50-50-50-50-50-50-52
Code,7,52-52-52-52-52-52-52
Conduct,7,52-52-52-52-52-52-52
inventor,6,2-2-2-2-2-2
Motor,6,2-2-2-2-2-2
world,6,2-2-2-2-2-52
petrol-driven,6,2-2-2-2-2-2
individual,6,2-2-2-2-9-50
largest,6,2-2-2-2-2-50
usage,6,2-2-2-50-50-50
China,6,2-2-2-2-2-2
now,6,2-2-2-2-2-2
Britain,6,2-2-2-2-2-2
out,6,2-50-50-50-50-50
two,6,2-2-2-2-2-2
engines,6,2-2-2-2-2-2
United,6,2-2-2-2-50-50
against,6,2-2-2-50-50-52
own,6,2-2-2-2-50-52
others,6,2-2-2-2-50-50
year,6,2-2-2-2-2-2
already,6,2-2-2-39-39-43
produced,6,2-2-2-2-2-2
another,6,2-2-2-29-50-50
per,6,2-2-2-2-2-2
different,6,2-2-50-50-50-50
well,6,2-2-50-50-52-52
power,6,2-2-2-2-2-52
lights,6,2-2-2-2-2-2
typically,6,2-2-2-2-50-50
safer,6,2-50-50-50-50-50
carbon,6,2-2-2-2-2-2
date,6,2-50-50-50-50-50
personal,6,2-2-50-50-50-50
cannot,6,2-50-50-50-50-50
need,6,9-9-50-50-50-50
found.,6,31-32-33-35-36-38
collect,6,50-50-50-50-50-50
consent,6,50-50-50-50-50-50
described,6,50-50-50-50-50-50
contribute,6,50-50-50-50-50-50
cookies,6,50-50-50-50-50-50
understanding,6,50-50-50-50-50-50
particular,6,50-50-50-50-50-50
contribution,6,50-50-50-50-50-50
username,6,50-50-50-50-50-50
aggregated,6,50-50-50-50-50-50
device.,6,50-50-50-50-50-50
Your,6,50-50-50-50-50-50
abuse,6,50-50-50-50-52-52
ask,6,50-50-50-50-50-50
administrative,6,50-50-50-50-50-50
Universal,6,52-52-52-52-52-52
behaviour,6,52-52-52-52-52-52
motor,5,2-2-2-2-2
Most,5,2-2-2-2-2
roads,5,2-2-2-2-2
French,5,2-2-2-2-2
steam-powered,5,2-2-2-2-2
became,5,2-2-2-2-2
where,5,2-2-2-50-52
considered,5,2-2-52-52-52
driving,5,2-2-2-2-2
2020s,5,2-2-2-2-2
history,5,2-2-50-50-50
There,5,2-2-2-2-9
(if,5,2-50-50-50-50
maintaining,5,2-2-2-50-52
end,5,2-2-2-2-2
increasing,5,2-2-2-2-2
English,5,2-2-2-50-50
1895,5,2-2-2-2-2
long,5,2-2-2-2-50
powered,5,2-2-2-2-2
generally,5,2-50-50-50-50
Many,5,2-2-2-2-2
major,5,2-2-2-2-2
founded,5,2-2-2-50-52
They,5,2-2-2-50-50
producing,5,2-2-2-2-2
years,5,2-2-2-2-2
because,5,2-2-2-50-50
never,5,2-2-50-50-50
New,5,2-2-2-2-29
even,5,2-2-2-9-50
country,5,2-9-50-50-50
diesel,5,2-2-2-2-2
designs,5,2-2-2-2-2
over,5,2-2-2-2-50
000,5,2-2-2-2-2
Ford's,5,2-2-2-2-2
safety,5,2-2-2-2-2
instead,5,2-2-2-2-50
European,5,2-2-2-50-50
due,5,2-2-2-2-2
gain,5,2-50-50-50-50
into,5,2-2-2-50-50
(such,5,2-50-50-50-50
groups,5,2-2-50-50-50
consumption,5,2-2-2-2-2
edit,5,9-9-9-50-50
members,5,9-52-52-52-52
regarding,5,9-50-50-50-50
contact,5,9-50-50-50-50
site,5,29-32-37-50-50
community,5,30-50-50-52-52
review,5,30-39-39-43-50
content,5,32-50-50-50-52
language,5,34-50-50-50-52
free,5,50-50-50-50-50
knowledge,5,50-50-50-50-50
to:,5,50-50-52-52-52
organization,5,50-50-50-50-50
Information.,5,50-50-50-50-50
collection,5,50-50-50-50-50
collected,5,50-50-50-50-50
tool,5,50-50-50-50-50
show,5,50-50-50-50-52
password,5,50-50-50-50-50
event,5,50-50-50-50-52
confidential,5,50-50-50-50-50
provided,5,50-50-50-50-50
examples,5,50-50-50-50-50
upload,5,50-50-50-50-50
photo,5,50-50-50-50-50
metadata,5,50-50-50-50-50
preferences,5,50-50-50-50-50
locally,5,50-50-50-50-50
manage,5,50-50-50-50-50
comply,5,50-50-50-50-50
applicable,5,50-50-50-50-50
law.,5,50-50-50-50-50
notifications,5,50-50-50-50-50
rights,5,50-50-50-50-50
developers,5,50-50-50-50-50
spaces,5,52-52-52-52-52
A,4,2-2-2-2
de,4,2-2-2-2
Rivaz,4,2-2-2-2
modern,4,2-2-2-2
1886,4,2-2-2-2
German,4,2-2-2-2
available,4,2-2-2-50
during,4,2-2-2-2
American,4,2-2-2-2
rapidly,4,2-2-2-2
Europe,4,2-2-2-2
parts,4,2-2-2-2
developed,4,2-2-2-2
added,4,2-2-2-50
making,4,2-2-2-50
climate,4,2-2-2-2
100,4,2-2-2-2
maintenance,4,2-2-2-50
taxes,4,2-2-2-2
society,4,2-2-2-2
health,4,2-2-2-2
transportation,4,2-2-2-2
creation,4,2-2-29-52
turn,4,2-2-2-2
Great,4,2-2-2-2
auto,4,2-2-2-2
driver,4,2-2-2-2
model,4,2-2-2-2
cars.,4,2-2-2-2
called,4,2-2-2-2
develop,4,2-2-50-52
oil,4,2-2-2-2
hydrogen,4,2-2-2-2
design,4,2-2-2-2
Although,4,2-2-2-2
same,4,2-2-2-2
manufacturer,4,2-2-2-2
sales,4,2-2-2-2
very,4,2-2-2-2
specific,4,2-50-50-50
going,4,2-50-50-50
rapid,4,2-2-2-2
shared,4,2-2-2-2
those,4,2-2-50-52
cent,4,2-2-2-2
environmental,4,2-2-2-2
must,4,2-2-2-50
alternative,4,2-2-2-2
hybrid,4,2-2-2-2
million,4,2-2-2-2
growth,4,2-2-2-2
battery,4,2-2-2-2
(and,4,2-2-50-52
always,4,2-50-50-50
response,4,2-50-50-50
expected,4,2-2-52-52
needed],4,2-2-2-2
average,4,2-2-2-2
creating,4,2-9-50-50
least,4,2-50-50-50
found,4,2-50-50-50
everyone,4,9-50-52-52
permission,4,9-50-50-50
questions,4,9-50-50-50
participants,4,9-52-52-52
draft,4,30-39-39-43
default,4,32-32-50-50
setting,4,32-32-50-50
checking,4,39-39-43-50
know,4,47-50-50-50
nor,4,50-50-50-52
participate,4,50-50-52-52
committed,4,50-50-50-52
things,4,50-50-50-50
real,4,50-50-50-52
possible,4,50-50-50-52
tracking,4,50-50-50-50
ensure,4,50-50-50-50
third,4,50-50-50-50
situations,4,50-50-50-52
information.,4,50-50-50-50
sites,4,50-50-50-50
post,4,50-50-50-50
When,4,50-50-50-50
Internet,4,50-50-50-50
associated,4,50-50-50-50
content.,4,50-50-52-52
above,4,50-50-50-50
commonly-used,4,50-50-50-50
online,4,50-50-52-52
type,4,50-50-50-50
greater,4,50-50-50-50
security,4,50-50-50-50
note,4,50-50-50-50
obligations.,4,50-50-50-50
requests,4,50-50-50-50
legally,4,50-50-50-50
procedures,4,50-50-50-50
transferred,4,50-50-50-50
harassment,4,50-52-52-52
contractors,4,50-50-50-50
researchers,4,50-50-50-50
update,4,50-50-50-50
U.S.,4,50-50-50-50
following,4,50-52-52-52
events,4,52-52-52-52
contributors,4,52-52-52-52
four,3,2-2-2
practical,3,2-2-2
Carl,3,2-2-2
patented,3,2-2-2
20th,3,2-2-2
Model,3,2-2-2
horse-drawn,3,2-2-2
did,3,2-2-2
increase,3,2-2-2
until,3,2-2-50
parking,3,2-2-2
passenger,3,2-2-2
decades,3,2-2-2
additional,3,2-2-50
cost,3,2-2-2
use.,3,2-2-2
noise,3,2-2-2
Traffic,3,2-2-2
cause,3,2-2-2
mobility,3,2-2-2
economic,3,2-2-2
travel,3,2-2-2
revenue,3,2-2-2
move,3,2-2-2
around,3,2-2-2
believed,3,2-2-50
both,3,2-2-2
referred,3,2-2-50
attested,3,2-2-2
British,3,2-2-2
form,3,2-52-52
mission,3,2-50-52
in),3,2-50-50
carry,3,2-2-2
known,3,2-2-50
he,3,2-2-2
His,3,2-2-2
vehicle.,3,2-2-2
maintain,3,2-2-50
century,3,2-2-2
Kingdom,3,2-50-50
led,3,2-2-2
International,3,2-2-2
several,3,2-2-2
birth,3,2-50-50
granted,3,2-2-2
application,3,2-2-2
&,3,2-2-50
began,3,2-2-2
3,3,2-2-2
1893,3,2-2-2
design.,3,2-2-2
open,3,2-2-2
During,3,2-2-2
1897,3,2-2-2
brand,3,2-2-50
30,3,2-50-50
either,3,2-2-50
works,3,2-32-50
longer,3,2-2-2
later,3,2-2-50
placed,3,2-32-50
small,3,2-2-2
market,3,2-2-2
Peugeot,3,2-2-2
six,3,2-2-2
days,3,2-50-50
Selden,3,2-2-2
16,3,2-2-2
Henry,3,2-2-2
Springfield,3,2-2-2
followed,3,2-2-2
came,3,2-2-2
right,3,2-50-50
various,3,2-50-50
off,3,2-2-2
Japan,3,2-2-2
worker,3,2-2-2
high,3,2-2-2
efficiency,3,2-2-2
Germany,3,2-2-2
technology,3,2-2-50
manufacturers,3,2-2-2
volume,3,2-50-50
numbers,3,2-2-50
uses,3,2-50-50
products,3,2-50-50
take,3,2-52-52
become,3,2-2-52
plan,3,2-2-50
limit,3,2-2-50
emissions,3,2-2-2
energy,3,2-2-2
equipped,3,2-2-2
brake,3,2-2-2
original,3,2-50-50
light,3,2-2-2
system,3,2-50-50
multiple,3,2-2-2
electrical,3,2-2-2
prevent,3,2-50-50
way,3,2-2-2
visible,3,2-50-50
indicate,3,2-2-2
weight,3,2-2-2
resulting,3,2-2-2
SUVs,3,2-2-2
tax,3,2-2-2
seats.,3,2-2-2
large,3,2-2-2
requirements,3,2-50-50
standard,3,2-50-50
tests,3,2-2-2
private,3,2-2-50
urban,3,2-2-2
While,3,2-50-50
cultural,3,2-52-52
report,3,2-50-50
potential,3,2-50-50
recent,3,2-47-50
related,3,2-50-50
go,3,2-50-50
principles,3,2-50-50
software,3,2-50-50
experienced,3,2-52-52
sharing,3,2-2-50
level,3,2-50-52
movement,3,2-50-50
study,3,2-50-50
Foundation.,3,9-50-52
get,3,9-50-50
helps,3,9-50-50
track,3,9-50-50
hope,3,9-50-50
links,3,29-50-50
try,3,29-50-50
policy,3,30-30-50
exist.,3,39-39-43
submit,3,39-39-43
redirect,3,39-39-43
consider,3,39-39-43
topic,3,39-39-43
covered.,3,39-39-43
wish,3,47-50-52
why,3,47-50-50
No,3,47-50-50
Commons,3,50-50-50
disclosure,3,50-50-50
nonpublic,3,50-50-50
sell,3,50-50-50
terms,3,50-50-50
pixels,3,50-50-50
just,3,50-50-50
find,3,50-50-50
explained,3,50-50-50
below.,3,50-50-50
cover,3,50-50-50
process,3,50-50-50
(like,3,50-50-50
parties,3,50-50-50
section,3,50-50-50
relevant,3,50-50-50
obligations,3,50-50-50
permitted,3,50-50-50
exceptions,3,50-52-52
seen,3,50-50-50
signed,3,50-50-50
actively,3,50-50-52
aware,3,50-50-50
infer,3,50-50-50
choose,3,50-50-50
cases,3,50-50-52
communities,3,50-52-52
demographics,3,50-50-50
intended,3,50-50-52
settings,3,50-50-50
location.,3,50-50-50
them.,3,50-50-52
practices,3,50-50-50
fight,3,50-50-50
tools,3,50-50-50
interaction,3,50-50-52
services.,3,50-50-50
accordance,3,50-50-50
users.,3,50-50-50
activities,3,50-50-52
kinds,3,50-50-50
Notifications,3,50-50-50
Preferences,3,50-50-50
stated,3,50-50-50
notice,3,50-50-50
changes,3,50-50-50
policy.,3,50-50-50
consistent,3,50-50-50
investigate,3,50-50-50
person,3,50-52-52
employees,3,50-52-52
put,3,50-50-50
treat,3,50-50-52
guarantee,3,50-50-50
measures,3,50-50-50
respect,3,50-52-52
located,3,50-50-50
environments,3,52-52-52
behaviour.,3,52-52-52
board,3,52-52-52
towards,3,52-52-52
primarily,2,2-52
seat,2,2-2
Nicolas-Joseph,2,2-2
Cugnot,2,2-2
Swiss,2,2-2
François,2,2-2
Isaac,2,2-2
constructed,2,2-2
car—a,2,2-2
marketable,2,2-2
everyday,2,2-2
invented,2,2-2
widely,2,2-2
affordable,2,2-2
T,2,2-2
manufactured,2,2-2
adopted,2,2-2
replaced,2,2-2
automobiles,2,2-2
World,2,2-2
War,2,2-2
essential,2,2-50
comfort,2,2-2
Over,2,2-2
complex.,2,2-2
conditioning,2,2-2
navigation,2,2-2
in-car,2,2-2
entertainment.,2,2-2
buy,2,2-2
mitigation,2,2-2
solutions,2,2-2
acquiring,2,2-2
repairs,2,2-2
depreciation,2,2-2
fees,2,2-2
congestion,2,2-2
disposing,2,2-2
collisions,2,2-2
injury-related,2,2-2
deaths,2,2-2
worldwide.[10],2,2-2
on-demand,2,2-2
independence,2,2-2
Societal,2,2-2
job,2,2-2
wealth,2,2-2
provision,2,2-2
leisure,2,2-2
opportunities,2,2-2
generation,2,2-2
ability,2,2-2
flexibly,2,2-2
far-reaching,2,2-2
implications,2,2-2
nature,2,2-2
societies.[12],2,2-2
billion,2,2-2
worldwide.,2,2-52
Car,2,2-2
especially,2,2-52
Latin,2,2-2
wheeled,2,2-2
North,2,2-2
cart,2,2-2
carriage,2,2-2
formal,2,2-50
term,2,2-32
meaning,2,2-50
self-propelled,2,2-2
Automobile,2,2-2
compound,2,2-2
derived,2,2-2
Club,2,2-2
fell,2,2-2
commonly,2,2-50
member,2,2-52
unable,2,2-2
building,2,2-2
mechanical,2,2-2
He,2,2-2
inventions,2,2-2
water,2,2-2
demonstrated,2,2-2
little,2,2-2
19th,2,2-2
1807,2,2-2
fuelled,2,2-2
mixture,2,2-2
Lycopodium,2,2-2
dust,2,2-2
successful,2,2-2
case,2,2-52
Samuel,2,2-2
November,2,2-2
three-wheeled,2,2-2
electricity,2,2-2
working,2,2-50
1879,2,2-2
Germany.,2,2-2
Cie.,2,2-2
25,2,2-50
1888,2,2-2
along,2,2-50
cheaper,2,2-2
Roger,2,2-2
trip,2,2-2
prove,2,2-2
1896,2,2-2
1899,2,2-2
central,2,2-9
1890,2,2-2
1892,2,2-2
By,2,2-50
work.,2,2-32
merger,2,2-50
named,2,2-2
number,2,2-2
race,2,2-2
1902,2,2-2
DMG,2,2-2
completed,2,2-2
2,2,2-2
kilometres,2,2-2
(1,2,2-2
Charles,2,2-2
After,2,2-50
running,2,2-2
Duryea,2,2-2
took,2,2-50
started,2,2-2
build,2,2-2
success,2,2-2
Thomas,2,2-2
having,2,2-2
Company,2,2-2
engines.,2,2-50
few,2,2-2
conventional,2,2-2
manufacturing,2,2-2
pioneered,2,2-2
mass,2,2-2
interchangeable,2,2-2
greatly,2,2-2
expanded,2,2-2
beginning,2,2-2
1913,2,2-2
much,2,2-2
previous,2,2-2
methods,2,2-50
1,2,2-2
Only,2,2-2
black,2,2-2
source,2,2-50
allowing,2,2-2
combination,2,2-2
copied,2,2-50
rise,2,2-52
US.,2,2-2
forced,2,2-2
pace,2,2-2
worldwide,2,2-2
1923,2,2-2
Citroën,2,2-2
native,2,2-50
risk,2,2-2
1930,2,2-2
Key,2,2-50
developments,2,2-2
included,2,2-50
ignition,2,2-2
Cadillac,2,2-2
suspension,2,2-2
1920s,2,2-2
meet,2,2-2
needs,2,2-2
marketing,2,2-50
plans,2,2-2
established,2,2-2
makes,2,2-2
larger,2,2-2
resulted,2,2-2
lower,2,2-2
doors,2,2-2
windows,2,2-2
makers,2,2-2
afford,2,2-2
Morris,2,2-2
1924,2,2-2
soon,2,2-2
follow,2,2-50
integration,2,2-2
buying,2,2-2
1925,2,2-2
coming,2,2-50
Opel,2,2-2
top,2,2-9
Mitsubishi,2,2-2
Fiat,2,2-2
Toyota,2,2-2
decision,2,2-50
world.,2,2-50
together,2,2-50
sector,2,2-2
burnt,2,2-2
says,2,2-50
petrol-fuelled,2,2-2
late,2,2-2
ban,2,2-2
older,2,2-2
laws,2,2-50
greenhouse,2,2-2
plug-in,2,2-2
2021,2,2-50
speed,2,2-2
common,2,2-50
21st,2,2-2
wheel,2,2-2
almost,2,2-2
regenerative,2,2-2
braking,2,2-2
friction,2,2-2
disc,2,2-2
emergency,2,2-2
city,2,2-2
pedals,2,2-2
operating,2,2-50
transmission,2,2-50
clutch,2,2-2
cars',2,2-2
evolving,2,2-2
Another,2,2-2
increasingly,2,2-2
earlier,2,2-2
portable,2,2-2
on-board,2,2-2
More,2,2-2
seats,2,2-2
damage,2,2-52
fitted,2,2-2
illuminate,2,2-2
area,2,2-50
(e.g.,2,2-2
usually,2,2-50
steel,2,2-2
Heavier,2,2-2
performance,2,2-2
pedestrian,2,2-2
materials,2,2-2
aluminium,2,2-2
charging,2,2-2
lighter,2,2-2
occupants,2,2-2
five,2,2-2
utility,2,2-2
depending,2,2-50
cargo,2,2-2
space,2,2-2
alternatives,2,2-2
value,2,2-2
usage.,2,2-2
dates,2,2-50
Similarly,2,2-50
although,2,2-9
ways,2,2-50
driven,2,2-2
however,2,2-50
purchase,2,2-2
polluting,2,2-2
incentive,2,2-2
smaller,2,2-2
lifetime,2,2-2
2019,2,2-2
far,2,2-2
bad,2,2-52
banned,2,2-2
intensive,2,2-2
similar,2,2-50
popularity,2,2-2
Animals,2,2-2
affected,2,2-50
habitat,2,2-2
50,2,2-2
every,2,2-50
wildlife,2,2-2
congested,2,2-2
States,2,2-2
low-income,2,2-2
order,2,2-50
exist,2,2-50
monetary,2,2-9
developing,2,2-30
open-source,2,2-50
Services,2,2-50
offer,2,2-50
then,2,2-50
consuming,2,2-2
despite,2,2-50
social,2,2-52
likely,2,2-52
introducing,2,2-52
Thank,2,9-50
supporting,2,9-9
means,2,9-50
don't,2,9-9
join,2,9-9
us.,2,9-50
log,2,9-50
options,2,9-50
contributions.,2,9-50
project,2,9-50
searching,2,29-32
feedback,2,30-50
talk,2,30-50
page.,2,30-50
Wikisource,2,32-32
recommend,2,32-50
subpages,2,32-32
title,2,32-37
articles,2,32-50
reason,2,32-50
items,2,37-47
deleted,2,47-50
circumvented,2,50-52
eroded,2,50-52
ignored,2,50-52
officers,2,50-52
staff,2,50-52
collaborative,2,50-50
websites,2,50-50
explains,2,50-50
simple,2,50-50
non-profit,2,50-50
hosts,2,50-52
processing,2,50-50
storage,2,50-50
reading,2,50-50
carefully,2,50-50
movement.,2,50-52
rent,2,50-50
accessible,2,50-52
learning,2,50-50
Put,2,50-50
wants,2,50-52
might,2,50-50
Terms,2,50-50
able,2,50-50
throughout,2,50-50
here,2,50-52
Except,2,50-50
covers,2,50-50
covered,2,50-50
Sometimes,2,50-50
knowledge.,2,50-52
handle,2,50-50
come,2,50-50
across,2,50-50
remove,2,50-50
add,2,50-52
protections,2,50-50
everyone.,2,50-50
pages,2,50-50
record,2,50-50
removed,2,50-50
in).,2,50-50
Use,2,50-50
Like,2,50-50
people.,2,50-52
revealing,2,50-50
anyone,2,50-52
Site.,2,50-50
(although,2,50-50
feature,2,50-50
attributed,2,50-50
address.,2,50-50
Want,2,50-50
account?,2,50-50
Do,2,50-50
read,2,50-50
password.,2,50-50
addresses,2,50-50
Once,2,50-50
accounts,2,50-50
circumstances,2,50-50
projects.,2,50-50
gender,2,50-52
age,2,50-52
tell,2,50-50
completely,2,50-50
optional.,2,50-50
GPS,2,50-50
app,2,50-50
signals,2,50-50
sent,2,50-50
(or,2,50-50
proxy,2,50-50
server),2,50-50
geographical,2,50-50
easier,2,50-50
customizable,2,50-50
helpful,2,50-50
loads,2,50-50
versions,2,50-50
browser,2,50-50
browser's,2,50-50
optimize,2,50-50
applications,2,50-50
customize,2,50-50
JavaScript,2,50-50
best,2,50-50
purposes.,2,50-50
Depending,2,50-50
ever,2,50-50
disable,2,50-50
data.,2,50-50
actions,2,50-50
taken,2,50-50
purpose,2,50-50
engage,2,50-50
relationship,2,50-50
instances,2,50-50
send,2,50-50
User,2,50-50
profile.,2,50-50
identify,2,50-52
reminder,2,50-50
visiting,2,50-50
anonymized,2,50-50
areas.,2,50-50
support,2,50-50
guidelines.,2,50-50
possible.,2,50-52
law,2,50-50
themselves,2,50-50
calendar,2,50-50
contacting,2,50-52
unlikely,2,50-50
ownership,2,50-50
becomes,2,50-50
subject,2,50-50
mailing,2,50-50
actions.,2,50-50
writing,2,50-50
activity,2,50-50
behavior,2,50-50
user-selected,2,50-50
confidentiality,2,50-50
guidelines,2,50-52
agree,2,50-50
logged,2,50-50
public.,2,50-50
(Check,2,50-50
consistently,2,50-50
users',2,50-50
findings,2,50-50
reasonable,2,50-52
FAQ.),2,50-50
unauthorized,2,50-50
disclosure.,2,50-50
strive,2,50-52
privacy@wikimedia.org,2,50-50
days.,2,50-50
retention,2,50-50
removal,2,50-50
protection,2,50-50
Economic,2,50-50
Area,2,50-50
delete,2,50-50
representative,2,50-50
mail,2,50-50
at:,2,50-50
authority,2,50-50
takes,2,50-52
June,2,50-50
Board,2,50-52
(UCoC),2,52-52
minimum,2,52-52
unacceptable,2,52-52
offline,2,52-52
functionaries,2,52-52
within,2,52-52
Wikimedians,2,52-52
intimidate,2,52-52
Harassment,2,52-52
position,2,52-52
Paragraphs,1,1
wheels.,1,2
definitions,1,2
state,1,2
eight,1,2
wheels,1,2
mainly,1,2
cargo.[1][2],1,2
1769,1,2
combustion-powered,1,2
1808.,1,2
use—was,1,2
Patent-Motorwagen.,1,2
Commercial,1,2
century.,1,2
One,1,2
masses,1,2
begun,1,2
1908,1,2
Company.,1,2
carriages.[3],1,2
demand,1,2
II.[4],1,2
economy.,1,2
lamps.,1,2
progressively,1,2
rear-reversing,1,2
cameras,1,2
propelled,1,2
fueled,1,2
fuels.,1,2
Electric,1,2
commercially,1,2
2000s,1,2
predicted,1,2
2025.[5][6],1,2
transition,1,2
fuel-powered,1,2
prominently,1,2
scenarios,1,2
[7],1,2
Project,1,2
Drawdown's,1,2
actionable,1,2
change.[8],1,2
payments,1,2
financed),1,2
insurance.[9],1,2
land-use,1,2
life.,1,2
convenience.[11],1,2
societal,1,2
well-being,1,2
taxation.,1,2
People's,1,2
India,1,2
newly,1,2
industrialised,1,2
countries.[13],1,2
word,1,2
originate,1,2
carrus/carrum,1,2
(via,1,2
Old,1,2
French),1,2
Middle,1,2
carre,1,2
two-wheeled,1,2
derive,1,2
Gaulish,1,2
karros,1,2
chariot.[14][15],1,2
originally,1,2
wagon.[16][17],1,2
usual,1,2
English.[2],1,2
Autocar,1,2
variant,1,2
likewise,1,2
literally,1,2
archaic.[18],1,2
Horseless,1,2
1895.[19],1,2
classical,1,2
Ancient,1,2
Greek,1,2
autós,1,2
(αὐτός),1,2
self,1,2
mobilis,1,2
movable,1,2
entered,1,2
1897.[20],1,2
favour,1,2
chiefly,1,2
America,1,2
[21],1,2
abbreviated,1,2
appears,1,2
adjective,1,2
formations,1,2
mechanic.[22][23],1,2
Ferdinand,1,2
Verbiest,1,2
Flemish,1,2
Jesuit,1,2
1672.,1,2
65-centimetre-long,1,2
(26,1,2
scale-model,1,2
toy,1,2
Kangxi,1,2
Emperor,1,2
passenger.[11][26][27],1,2
certainty,1,2
Verbiest's,1,2
successfully,1,2
run.[27],1,2
credited,1,2
full-scale,1,2
1769;,1,2
tricycle.[28],1,2
tractors,1,2
Army,1,2
preserved,1,2
National,1,2
Conservatory,1,2
Arts,1,2
Crafts.[28],1,2
problems,1,2
supply,1,2
pressure.[28],1,2
1801,1,2
Richard,1,2
Trevithick,1,2
Puffing,1,2
Devil,1,2
locomotive,1,2
demonstration,1,2
sufficient,1,2
pressure,1,2
periods,1,2
external,1,2
(steam),1,2
detailed,1,2
treated,1,2
separately,1,2
true,1,2
buses,1,2
phaetons,1,2
rollers.,1,2
sentiment,1,2
Locomotive,1,2
Acts,1,2
1865.,1,2
Nicéphore,1,2
Niépce,1,2
brother,1,2
Claude,1,2
probably,1,2
(which,1,2
Pyréolophore),1,2
installed,1,2
boat,1,2
river,1,2
Saone,1,2
France.[29],1,2
Coincidentally,1,2
engine.,1,2
Niépces',1,2
Pyréolophore,1,2
powder,1,2
(dried,1,2
spores,1,2
plant),1,2
finely,1,2
crushed,1,2
coal,1,2
resin,1,2
mixed,1,2
whereas,1,2
oxygen.[29],1,2
Neither,1,2
Brown,1,2
Morey,1,2
Etienne,1,2
Lenoir,1,2
[30],1,2
(usually,1,2
adapted,1,2
carriages,1,2
carts),1,2
engines.[31],1,2
1881,1,2
Gustave,1,2
Trouvé,1,2
Exposition,1,2
Electricity.[32],1,2
engineers,1,2
(including,1,2
Gottlieb,1,2
Wilhelm,1,2
Siegfried,1,2
Marcus),1,2
regarded,1,2
use—when,1,2
Patent-Motorwagen;,1,2
acknowledged,1,2
car.[31][33][34],1,2
1878.,1,2
feasible,1,2
powering,1,2
Motorwagen,1,2
1885,1,2
Mannheim,1,2
awarded,1,2
invention,1,2
29,1,2
January,1,2
(under,1,2
auspices,1,2
1883).,1,2
promotion,1,2
July,1,2
four-wheeler,1,2
introduced,1,2
model.,1,2
four-stroke,1,2
Emile,1,2
license,1,2
products.,1,2
initially,1,2
August,1,2
Bertha,1,2
wife,1,2
undertook,1,2
road-worthiness,1,2
her,1,2
husband's,1,2
invention.,1,2
internal-combustion,1,2
flat,1,2
boxermotor.,1,2
last,1,2
572,1,2
units,1,2
size,1,2
joint-stock,1,2
company.,1,2
factory-made,1,2
Czech,1,2
Nesselsdorfer,1,2
Wagenbau,1,2
(later,1,2
renamed,1,2
Tatra),1,2
Präsident,1,2
automobil.,1,2
Motoren,1,2
Gesellschaft,1,2
(DMG),1,2
Cannstatt,1,2
Daimler.,1,2
stagecoach,1,2
retrofitted,1,2
Hotel,1,2
Hermann,1,2
shop,1,2
disputes,1,2
backers.,1,2
team,1,2
seem,1,2
unaware,1,2
other's,1,2
worked,1,2
together;,1,2
DMG.,1,2
died,1,2
1900,1,2
Daimler-Mercedes,1,2
specially,1,2
ordered,1,2
specifications,1,2
Emil,1,2
Jellinek.,1,2
Jellinek,1,2
country.,1,2
Two,1,2
Mercedes,1,2
generated,1,2
35,1,2
hp.,1,2
quit,1,2
shortly,1,2
thereafter,1,2
opened,1,2
business,1,2
own.,1,2
Rights,1,2
manufacturers.,1,2
Émile,1,2
Levassor,1,2
Armand,1,2
laid,1,2
foundation,1,2
France.,1,2
1891,1,2
Auguste,1,2
Doriot,1,2
colleague,1,2
Louis,1,2
Rigoulot,1,2
longest,1,2
self-designed,1,2
Type,1,2
300,1,2
mi),1,2
Valentigney,1,2
Paris,1,2
Brest,1,2
back,1,2
again.,1,2
attached,1,2
Paris–Brest–Paris,1,2
bicycle,1,2
finished,1,2
winning,1,2
cyclist,1,2
Terront.,1,2
1877,1,2
George,1,2
Rochester,1,2
York.,1,2
applied,1,2
expired,1,2
built.,1,2
delay,1,2
series,1,2
attachments,1,2
5,1,2
(U.S.,1,2
549,1,2
160),1,2
two-stroke,1,2
hindered,1,2
encouraged,1,2
States.,1,2
challenged,1,2
overturned,1,2
1911.,1,2
road-tested,1,2
brothers,1,2
Massachusetts.,1,2
Wagon,1,2
21,1,2
September,1,2
Taylor,1,2
Street,1,2
Metro,1,2
Center,1,2
Springfield.[35][36],1,2
Studebaker,1,2
subsidiary,1,2
long-established,1,2
wagon,1,2
coach,1,2
1897[37]:,1,2
66,1,2
commenced,1,2
1904.[38],1,2
attempts,1,2
varying,1,2
degrees,1,2
Rickett,1,2
attempting,1,2
1860.[39],1,2
Santler,1,2
Malvern,1,2
recognised,1,2
Veteran,1,2
1894,1,2
[40],1,2
Frederick,1,2
William,1,2
Lanchester,1,2
one-offs.[40],1,2
Harry,1,2
J.,1,2
Lawson,1,2
purchasing,1,2
Lawson's,1,2
bore,1,2
Daimler.[40],1,2
engineer,1,2
Rudolf,1,2
Diesel,1,2
Rational,1,2
Combustion,1,2
Engine.,1,2
engine.[31],1,2
Steam-,1,2
electric-,1,2
competed,1,2
achieving,1,2
dominance,1,2
1910s.,1,2
pistonless,1,2
rotary,1,2
attempted,1,2
compete,1,2
piston,1,2
crankshaft,1,2
Mazda's,1,2
Wankel,1,2
success.,1,2
All,1,2
estimated,1,2
patents,1,2
motorcycle.[41],1,2
Large-scale,1,2
production-line,1,2
Ransom,1,2
Olds,1,2
1901,1,2
Oldsmobile,1,2
factory,1,2
Lansing,1,2
Michigan,1,2
upon,1,2
stationary,1,2
techniques,1,2
Marc,1,2
Isambard,1,2
Brunel,1,2
Portsmouth,1,2
Block,1,2
Mills,1,2
England,1,2
1802.,1,2
style,1,2
Blanchard,1,2
1821,1,2
Armory,1,2
Massachusetts.[42],1,2
concept,1,2
moving,1,2
Highland,1,2
Park,1,2
Plant.,1,2
15-minute,1,2
intervals,1,2
faster,1,2
productivity,1,2
eightfold,1,2
manpower,1,2
(from,1,2
12.5,1,2
manhours,1,2
hour,1,2
33,1,2
minutes).[43],1,2
paint,1,2
bottleneck.,1,2
dry,1,2
fast,1,2
enough,1,2
forcing,1,2
drop,1,2
colours,1,2
fast-drying,1,2
Duco,1,2
lacquer,1,2
1926.,1,2
apocryphal,1,2
remark,1,2
color,1,2
it's,1,2
black.[43],1,2
1914,1,2
months',1,2
pay.[43],1,2
complex,1,2
procedures—especially,1,2
assigning,1,2
roam,1,2
about—dramatically,1,2
reduced,1,2
rate,1,2
injury.[44],1,2
wages,1,2
Fordism,1,2
industries.,1,2
gains,1,2
coincided,1,2
workers,1,2
repetitive,1,2
motions,1,2
output,1,2
productive,1,2
methods.,1,2
dominating,1,2
quickly,1,2
spread,1,2
seeing,1,2
founding,1,2
1911,1,2
Denmark,1,2
1925;,1,2
1921,1,2
adopt,1,2
method.,1,2
Soon,1,2
lines,1,2
broke;,1,2
250,1,2
disappeared.[43],1,2
Development,1,2
hundreds,1,2
competing,1,2
attention.,1,2
self-starter,1,2
(both,1,2
Kettering,1,2
1910–1911),1,2
independent,1,2
four-wheel,1,2
brakes.,1,2
Since,1,2
nearly,1,2
mass-produced,1,2
heavily,1,2
influenced,1,2
Alfred,1,2
P.,1,2
Sloan,1,2
idea,1,2
General,1,2
Motors,1,2
Companion,1,2
Make,1,2
Program,1,2
buyers,1,2
fortunes,1,2
improved.,1,2
Reflecting,1,2
price,1,2
range.,1,2
1930s,1,2
LaSalles,1,2
Oldsmobile;,1,2
1950s,1,2
Chevrolet,1,2
bonnet,1,2
roof,1,2
Pontiac;,1,2
1990s,1,2
corporate,1,2
powertrains,1,2
platforms,1,2
(with,1,2
parts),1,2
common.,1,2
Even,1,2
Apperson,1,2
Cole,1,2
Dorris,1,2
Haynes,1,2
Premier,1,2
manage:,1,2
hundred,1,2
existence,1,2
1920,1,2
43,1,2
survived,1,2
Depression,1,2
1940,1,2
17,1,2
left.[43],1,2
happen.,1,2
Cowley,1,2
outsold,1,2
practice,1,2
vertical,1,2
Hotchkiss,1,2
(engines),1,2
Wrigley,1,2
(gearboxes),1,2
Osberton,1,2
(radiators),1,2
instance,1,2
competitors,1,2
Wolseley:,1,2
41,1,2
total,1,2
production.,1,2
small-car,1,2
assemblers,1,2
Abbey,1,2
Xtra,1,2
gone,1,2
under.,1,2
1919;,1,2
cheap,1,2
reply,1,2
Renault's,1,2
10CV,1,2
Peugeot's,1,2
5CV,1,2
550,1,2
Mors,1,2
Hurtu,1,2
compete.[43],1,2
Germany's,1,2
mass-manufactured,1,2
4PS,1,2
Laubfrosch,1,2
(Tree,1,2
Frog),1,2
Rüsselsheim,1,2
builder,1,2
37.5,1,2
market.[43],1,2
II.,1,2
handful,1,2
commercial,1,2
Daihatsu,1,2
partnering,1,2
Isuzu,1,2
Wolseley,1,2
A-9,1,2
1922.,1,2
partnered,1,2
Nissan,1,2
Suzuki,1,2
Mazda,1,2
Honda,1,2
non-automotive,1,2
war,1,2
switching,1,2
1950s.,1,2
Kiichiro,1,2
Toyoda's,1,2
Toyoda,1,2
Loom,1,2
Works,1,2
eventually,1,2
Corporation,1,2
Subaru,1,2
meanwhile,1,2
formed,1,2
conglomerate,1,2
banded,1,2
Fuji,1,2
Heavy,1,2
Industries,1,2
broken,1,2
keiretsu,1,2
legislation.,1,2
contributor,1,2
change.[46],1,2
(ICE).,1,2
Organization,1,2
Vehicle,1,2
Manufacturers,1,2
mandate,1,2
low,1,2
sulphur,1,2
spirit,1,2
2010s,1,2
standards,1,2
Euro-6),1,2
emit,1,2
pollution.[47][48],1,2
future.,1,2
say,1,2
phase-out,1,2
brought,1,2
forwards,1,2
change.,1,2
Production,1,2
peaked,1,2
2017.[49][50],1,2
hydrocarbon,1,2
fuels,1,2
deflagration,1,2
(rather,1,2
detonation),1,2
ICE,1,2
autogas,1,2
CNG.,1,2
Removal,1,2
subsidies,1,2
[51][52],1,2
concerns,1,2
dependence,1,2
tightening,1,2
restrictions,1,2
gas,1,2
propelling,1,2
vehicles.,1,2
Out,1,2
nine,1,2
roads.[53],1,2
Despite,1,2
fully,1,2
2021.[53],1,2
racing,1,2
records,1,2
sometimes,1,2
employed,1,2
jet,1,2
rocket,1,2
impractical,1,2
Oil,1,2
centuries,1,2
cars;,1,2
1980s,1,2
glut,1,2
low-economy,1,2
OECD,1,2
countries.,1,2
BRIC,1,2
adding,1,2
consumption.,1,2
2023[update],1,2
hub,1,2
motors.[54][55],1,2
(even,1,2
mild,1,2
hybrid),1,2
pure,1,2
recovers,1,2
returns,1,2
wasted,1,2
getting,1,2
hot.[56],1,2
(front,1,2
drum,1,2
rear,1,2
brakes[57]),1,2
stops,1,2
improves,1,2
particularly,1,2
driving.[58],1,2
normally,1,2
operated,1,2
feet,1,2
hands,1,2
occasionally,1,2
voice,1,2
21st-century,1,2
steering,1,2
controlling,1,2
car's,1,2
manual,1,2
pedal),1,2
shift,1,2
lever,1,2
stick,1,2
changing,1,2
gears,1,2
buttons,1,2
dials,1,2
turning,1,2
ventilation,1,2
functions.,1,2
Modern,1,2
standardised,1,2
accelerator,1,2
case.,1,2
Controls,1,2
communications.,1,2
required.,1,2
once,1,2
choke,1,2
valve,1,2
timing,1,2
crank,1,2
starter.,1,2
trend,1,2
replacement,1,2
knobs,1,2
switches,1,2
secondary,1,2
touchscreen,1,2
BMW's,1,2
iDrive,1,2
MyFord,1,2
Touch.,1,2
physically,1,2
linked,1,2
mechanism,1,2
throttle,1,2
linkages,1,2
electronic,1,2
controls.,1,2
interior,1,2
lighting,1,2
toggled,1,2
manually,1,2
entertainment,1,2
originated,1,2
radios,1,2
sideways,1,2
lowered,1,2
raised,1,2
electrically,1,2
(manually,1,2
cars),1,2
auxiliary,1,2
outlets,1,2
supplying,1,2
appliances,1,2
phones,1,2
fridges,1,2
inverters,1,2
pumps,1,2
system.[59][60][a],1,2
costly,1,2
upper-class,1,2
luxury,1,2
massage,1,2
collision,1,2
avoidance,1,2
systems.[61][62],1,2
Dedicated,1,2
fuses,1,2
circuit,1,2
breakers,1,2
overload.,1,2
lights.,1,2
headlights,1,2
ahead,1,2
night;,1,2
jurisdictions,1,2
daytime,1,2
lights;,1,2
red,1,2
applied;,1,2
amber,1,2
signal,1,2
intentions,1,2
driver;,1,2
white-coloured,1,2
reverse,1,2
behind,1,2
reversing);,1,2
side,1,2
marker,1,2
lights),1,2
visibility,1,2
car.,1,2
Interior,1,2
ceiling,1,2
passengers.,1,2
boot,1,2
rarely,1,2
compartment,1,2
light.,1,2
batteries,1,2
[64],1,2
cages,1,2
anti-lock,1,2
airbags,1,2
more-powerful—if,1,2
efficient—engines[65],1,2
2019[update],1,2
weigh,1,2
tonnes,1,2
(1.1,1,2
3.3,1,2
short,1,2
tons;,1,2
0.98,1,2
2.95,1,2
tons).[66],1,2
crash,1,2
perspective,1,2
dangerous,1,2
users.[65],1,2
influences,1,2
decreased,1,2
performance.,1,2
Wuling,1,2
Hongguang,1,2
Mini,1,2
EV,1,2
typical,1,2
weighs,1,2
700,1,2
kilograms,1,2
500,1,2
lb).,1,2
extended-length,1,2
Suburban.,1,2
wider.[67],1,2
places,1,2
heavier,1,2
more:[68],1,2
improving,1,2
encourage,1,2
recycled,1,2
steel.[69],1,2
suggested,1,2
benefit,1,2
subsidising,1,2
infrastructure,1,2
batteries.[70],1,2
passengers,1,2
front,1,2
three,1,2
rear.,1,2
Full-size,1,2
sport,1,2
seven,1,2
arrangement,1,2
On,1,2
hand,1,2
sports,1,2
Utility,1,2
pickup,1,2
trucks,1,2
combine,1,2
seating,1,2
extra,1,2
functionality.,1,2
differing,1,2
capacity,1,2
luggage,1,2
availability,1,2
body,1,2
styles,1,2
consumer,1,2
among,1,2
sedan/saloon,1,2
hatchback,1,2
station,1,2
wagon/estate,1,2
coupe,1,2
minivan.,1,2
Mary,1,2
Ward,1,2
documented,1,2
fatalities,1,2
1869,1,2
Parsonstown,1,2
Ireland,1,2
[71],1,2
Bliss,1,2
US's,1,2
casualties,1,2
York,1,2
City.[72],1,2
Euro,1,2
NCAP,1,2
[73],1,2
insurance-industry-backed,1,2
Insurance,1,2
Institute,1,2
Highway,1,2
Safety,1,2
(IIHS).[74],1,2
of:,1,2
insurance,1,2
[9],1,2
weighed,1,2
benefits—perceived,1,2
real—of,1,2
convenience,1,2
[11],1,2
power.[76],1,2
benefit:,1,2
[c]ouples,1,2
finally,1,2
head,1,2
unchaperoned,1,2
plus,1,2
snuggle,1,2
close,1,2
night.[77],1,2
include;,1,2
land,1,2
care,1,2
life;,1,2
balanced,1,2
generates.,1,2
include:,1,2
economy,1,2
wellbeing,1,2
opportunities.,1,2
humans,1,2
[80],1,2
tyres,1,2
wear,1,2
[81],1,2
emission,1,2
standards.[82],1,2
rely,1,2
consume,1,2
quarter,1,2
2019[update].[49],1,2
Both,1,2
pollute,1,2
cars.[83],1,2
vans,1,2
caused,1,2
8%,1,2
direct,1,2
dioxide,1,2
2021.[84],1,2
2021[update],1,2
gases,1,2
emitted,1,2
tens,1,2
thousands,1,2
lifecycle,1,2
cars;[85][86],1,2
varies,1,2
considerably[87],1,2
future,1,2
lasting,1,2
batteries[88],1,2
factories.[89],1,2
governments,1,2
fiscal,1,2
discourage,1,2
cars;[90],1,2
doing,1,2
low-emission,1,2
zones.[91],1,2
Fuel,1,2
act,1,2
efficient,1,2
hence,1,2
vehicles),1,2
fuels.[citation,1,2
High,1,2
strong,1,2
consumers,1,2
fuel-efficient,1,2
[citation,1,2
drive.[91],1,2
millionkm,1,2
(1.2,1,2
millionmiles),1,2
lot.[92],1,2
According,1,2
Energy,1,2
Agency,1,2
rated,1,2
light-duty,1,2
0.9%,1,2
2017,1,2
1.8%,1,2
annual,1,2
reduction,1,2
2010,1,2
2015.,1,2
Given,1,2
slow,1,2
progress,1,2
IEA,1,2
estimates,1,2
decrease,1,2
4.3%,1,2
2030.[93],1,2
economy.[49],1,2
Amsterdam,1,2
2030.[94],1,2
Chinese,1,2
licensing,1,2
[95],1,2
stop,1,2
selling,1,2
2025,1,2
2050.[96],1,2
manufacture,1,2
resource,1,2
factories,1,2
waste,1,2
consumption.[97],1,2
Manufacturing,1,2
kWh,1,2
emits,1,2
amount,1,2
burning,1,2
full,1,2
tank,1,2
petrol.[98],1,2
allowed,1,2
sprawl,1,2
therefore,1,2
encouraging,1,2
inactivity,1,2
obesity,1,2
lead,1,2
diseases.[99],1,2
plants,1,2
negatively,1,2
destruction,1,2
pollution.,1,2
loss,1,2
square,1,2
metres,1,2
(540,1,2
sq,1,2
ft),1,2
primary,1,2
correlations.[100][clarification,1,2
killed,1,2
roadkill.,1,2
significant,1,2
green,1,2
bridges,1,2
(designed,1,2
allow,1,2
crossings),1,2
corridors.,1,2
Growth,1,2
commuting,1,2
traffic,1,2
congestion.[101],1,2
Moscow,1,2
Istanbul,1,2
Bogotá,1,2
Mexico,1,2
City,1,2
São,1,2
Paulo,1,2
2018,1,2
according,1,2
INRIX,1,2
analytics,1,2
company.[102],1,2
Mass,1,2
extensive,1,2
territories,1,2
Australia,1,2
Argentina,1,2
vastly,1,2
group,1,2
suburban,1,2
exurban,1,2
rural,1,2
areas.[citation,1,2
divide,1,2
dependency,1,2
domination,1,2
car-based,1,2
presents,1,2
barriers,1,2
employment,1,2
neighbourhoods,1,2
[103],1,2
individuals,1,2
families,1,2
income.[104],1,2
Dependency,1,2
African,1,2
Americans,1,2
exposure,1,2
hazards,1,2
racial,1,2
discrimination,1,2
financing,1,2
insuring,1,2
them.[105],1,2
continuing,1,2
[106],1,2
propulsion,1,2
wireless,1,2
[107],1,2
[108],1,2
hydrogen/electric,1,2
hybrids.[109],1,2
Research,1,2
forms,1,2
ammonia,1,2
cells.[110],1,2
replace,1,2
bodies,1,2
[111],1,2
fiberglass,1,2
fiber,1,2
biocomposites,1,2
nanotubes.[112],1,2
Telematics,1,2
pay-as-you-go,1,2
basis,1,2
carpool,1,2
schemes.,1,2
Communication,1,2
connected,1,2
systems.[113],1,2
Fully,1,2
autonomous,1,2
driverless,1,2
robotaxis[114][115],1,2
general,1,2
use.[116],1,2
aiming,1,2
approach,1,2
designing,1,2
machinery,1,2
compensation.,1,2
None,1,2
succeeded,1,2
whole,1,2
hardware,1,2
ready,1,2
introduced.,1,2
hacking,1,2
diagnostics,1,2
(OBD),1,2
done,1,2
far.[117],1,2
Car-share,1,2
arrangements,1,2
carpooling,1,2
popular,1,2
Europe.[118],1,2
car-sharing,1,2
double-digit,1,2
membership,1,2
2006,1,2
2007.,1,2
residents,1,2
rather,1,2
neighbourhoods.[119],1,2
develops,1,2
manufactures,1,2
markets,1,2
sells,1,2
three-quarters,1,2
2020,1,2
56,1,2
[120],1,2
down,1,2
67,1,2
year.[121],1,2
produces,1,2
(20,1,2
2020),1,2
(seven,1,2
million),1,2
South,1,2
Korea,1,2
India.[122],1,2
Around,1,2
road;[123],1,2
burn,1,2
trillion,1,2
litres,1,2
(0.26×10^12,1,2
gal;,1,2
0.22×10^12,1,2
imp,1,2
gal),1,2
yearly,1,2
exajoules,1,2
(14,1,2
TWh),1,2
energy.[124],1,2
India.[13],1,2
opinion,1,2
proved,1,2
unsustainable,1,2
excessive,1,2
affecting,1,2
populations,1,2
delivering,1,2
declining,1,2
investment.,1,2
negative,1,2
effects,1,2
fall,1,2
disproportionately,1,2
drive,1,2
cars.[125][126],1,2
sustainable,1,2
focuses,1,2
problems.,1,2
facing,1,2
competition,1,2
re-evaluate,1,2
Established,1,2
aspects,1,2
busses,1,2
trolleybusses,1,2
trains,1,2
subways,1,2
tramways,1,2
rail,1,2
cycling,1,2
walking.,1,2
Bicycle,1,2
Copenhagen,1,2
Amsterdam.,1,2
Similar,1,2
programmes,1,2
cities.[127][128],1,2
Additional,1,2
modes,1,2
transit,1,2
serve,1,2
socially,1,2
accepted.[129],1,2
checked,1,2
Low,1,2
Neighbourhood,1,2
London,1,2
overpass,1,2
approximately,1,2
times,1,2
20,1,2
difference,1,2
growing,1,2
time.[130],1,2
General:,1,2
Effects:,1,2
Mitigation:,1,2
fundraising,1,9
option,1,9
donating,1,9
Wikipedia.,1,9
wiki,1,9
pages.,1,9
apply,1,9
special,1,9
At,1,9
label.,1,9
Try,1,9
sandbox.,1,9
gives,1,9
editorial,1,9
board;,1,9
edits,1,9
community.,1,9
introduction.,1,9
editing,1,9
infowikimedia.org.,1,9
answered,1,9
longtime,1,9
vast,1,9
Wikipedia-related,1,9
issues.,1,9
Thanks,1,9
again,1,9
us!,1,9
Car/wiki/Car.,1,29
Or,1,29
Google,1,29
DuckDuckGo,1,29
preferred,1,29
engine.You,1,29
blank,1,29
Entry,1,29
Creator!,1,29
leave,1,29
note.,1,29
Wikibooks,1,30
generative,1,30
AI.,1,30
Wikiversity,1,30
browse,1,30
books.,1,30
recommends,1,32
amend,1,32
preferences.,1,32
allows,1,32
redirects,1,32
term.,1,32
reproduces,1,32
fiction,1,32
non-fiction,1,32
poetry,1,32
essays,1,32
biographical,1,32
scientific,1,32
etc.,1,32
display,1,32
prioritised,1,32
setting.,1,32
Will,1,34
choose.,1,34
Wikidata,1,37
given,1,37
Special:ItemByTitle.,1,37
Below,1,47
deletions,1,47
restorations.,1,47
file,1,47
uploaded,1,47
Wikipedia:Why,1,47
I,1,47
deleted?,1,47
Administrators,1,47
partial,1,47
titles,1,47
Special:Undelete.,1,47
Others,1,47
{{Admin,1,47
help}}.,1,47
matching,1,47
log.,1,47
project.,1,50
may:,1,50
you:,1,50
Be,1,50
aware:,1,50
nonprofit,1,50
operates,1,50
Wiktionary.,1,50
powerful,1,50
principle:,1,50
alone.,1,50
collectively,1,50
gathering,1,50
analyzing,1,50
seek,1,50
usable,1,50
beneficial.,1,50
information-gathering,1,50
hand-in-hand,1,50
transparency.,1,50
collects,1,50
shares,1,50
transfer,1,50
That,1,50
important.,1,50
sign,1,50
anything.,1,50
figure,1,50
engaging,1,50
ideas,1,50
contributing,1,50
fun.,1,50
simply:,1,50
champions,1,50
grow,1,50
thrive.,1,50
recognize,1,50
minority,1,50
familiar,1,50
Whether,1,50
terminology,1,50
expert,1,50
refresher,1,50
Glossary,1,50
helpful.,1,50
(not,1,50
lawyers),1,50
easily,1,50
key,1,50
table,1,50
translations:,1,50
handling,1,50
partners,1,50
parties.,1,50
sake,1,50
clarity,1,50
regardless,1,50
language:,1,50
gather,1,50
separate,1,50
Shop),1,50
developer,1,50
Cloud,1,50
Services).,1,50
meant,1,50
explain,1,50
detail,1,50
volunteers,1,50
data-collecting,1,50
script,1,50
gadget,1,50
pixel,1,50
button,1,50
tool.,1,50
violates,1,50
yourself,1,50
privacy[at]wikimedia.org,1,50
investigate.,1,50
Where,1,50
govern,1,50
CheckUser,1,50
rules,1,50
reduce,1,50
offered,1,50
Whatever,1,50
discussion,1,50
permanent,1,50
piece,1,50
altered,1,50
deletion,1,50
individually,1,50
data-related,1,50
How,1,50
Receive,1,50
From,1,50
Unless,1,50
assume,1,50
anything,1,50
redistributed,1,50
uncomfortable,1,50
permanently,1,50
analysis,1,50
political,1,50
affiliation,1,50
gender.,1,50
Email,1,50
example).,1,50
Great!,1,50
problem!,1,50
required,1,50
rare,1,50
circumstances.,1,50
signing,1,50
require,1,50
recover,1,50
careful,1,50
username.,1,50
verify,1,50
yours.,1,50
submitted,1,50
temporarily.,1,50
content;,1,50
usernames,1,50
investigation.,1,50
required:,1,50
credit,1,50
card,1,50
entirely,1,50
hide,1,50
to).,1,50
author,1,50
(you!).,1,50
assist,1,50
removing,1,50
localize,1,50
demographic,1,50
yourself.,1,50
informed,1,50
Providing,1,50
to—it,1,50
that.,1,50
in.,1,50
determine,1,50
location),1,50
obtained,1,50
unlike,1,50
video,1,50
Finally,1,50
Examples,1,50
differently.,1,50
reflect,1,50
community's,1,50
values.,1,50
browsers,1,50
(possibly,1,50
unique,1,50
identification,1,50
beta,1,50
applications),1,50
preference,1,50
device's,1,50
internet,1,50
provider,1,50
carrier,1,50
website,1,50
simply,1,50
enhance,1,50
administer,1,50
vandalism;,1,50
test,1,50
performance;,1,50
interact,1,50
analyze,1,50
trends.,1,50
technologies.,1,50
storage.,1,50
realize,1,50
reputation,1,50
town,1,50
less-than-noble,1,50
So,1,50
clear,1,50
text,1,50
address),1,50
visit).,1,50
unless,1,50
so.,1,50
authorized,1,50
mistakenly,1,50
administrator),1,50
privacy@wikimedia.org.,1,50
Locally,1,50
like:,1,50
more?,1,50
expire,1,50
browser.,1,50
function,1,50
properly,1,50
concerning,1,50
kept,1,50
logs,1,50
alongside,1,50
pursuing,1,50
charitable,1,50
including:,1,50
consent;,1,50
keeping,1,50
interest.,1,50
emails,1,50
advertise,1,50
opportunity,1,50
thoughts,1,50
answers,1,50
provide.,1,50
responses,1,50
surveys,1,50
apps,1,50
points,1,50
near,1,50
deactivate,1,50
OS,1,50
functionalities,1,50
still,1,50
being,1,50
upload.,1,50
expand,1,50
communities.,1,50
manner,1,50
sections,1,50
titled,1,50
Legal,1,50
Reasons,1,50
Protect,1,50
Ourselves,1,50
Others.,1,50
agree.,1,50
scholarship,1,50
chapter.,1,50
authorities,1,50
persons,1,50
official,1,50
valid.,1,50
Requests,1,50
notify,1,50
preserve,1,50
satisfy,1,50
valid,1,50
enforceable,1,50
warrant,1,50
subpoena,1,50
court,1,50
regulation,1,50
judicial,1,50
order.,1,50
user's,1,50
invalid,1,50
intend,1,50
oppose,1,50
it.,1,50
notifying,1,50
ten,1,50
(10),1,50
demand.,1,50
restrained,1,50
credible,1,50
threat,1,50
life,1,50
limb,1,50
disclosing,1,50
Nothing,1,50
objections,1,50
defenses,1,50
third-party's,1,50
(whether,1,50
civil,1,50
criminal,1,50
governmental),1,50
seeking,1,50
advice,1,50
counsel,1,50
immediately,1,50
involving,1,50
Subpoena,1,50
days',1,50
owners,1,50
extremely,1,50
substantially,1,50
reorganization,1,50
consolidation,1,50
acquisition),1,50
continue,1,50
notification,1,50
WikimediaAnnounce-L,1,50
thirty,1,50
(30),1,50
enforce,1,50
violations,1,50
community-based,1,50
policies.,1,50
defend,1,50
ourselves,1,50
threats,1,50
selecting,1,50
amongst,1,50
hold,1,50
rights.,1,50
amounts,1,50
vandalism,1,50
minimize,1,50
disruptive,1,50
supposed,1,50
Access,1,50
accountable,1,50
checks,1,50
balances:,1,50
selected,1,50
community-driven,1,50
overseen,1,50
peers,1,50
names,1,50
comes,1,50
imminent,1,50
serious,1,50
bodily,1,50
harm,1,50
death,1,50
detect,1,50
assess,1,50
spam,1,50
malware,1,50
fraud,1,50
unlawful,1,50
concerns.,1,50
FAQ,1,50
information.),1,50
mission.,1,50
needed,1,50
perform,1,50
agreements,1,50
protective,1,50
policies;,1,50
powers,1,50
depends,1,50
volunteer,1,50
spend,1,50
testing,1,50
code,1,50
evolve,1,50
needs.,1,50
facilitate,1,50
contain,1,50
non-Personal,1,50
scholars,1,50
academics,1,50
interested,1,50
Sharing,1,50
viewing,1,50
statistics,1,50
patterns.,1,50
contractual,1,50
instructions.,1,50
publish,1,50
impose,1,50
abide,1,50
agreement,1,50
regularly,1,50
screen,1,50
audit,1,50
(You,1,50
re-identification,1,50
Any,1,50
–,1,50
specifically,1,50
protected,1,50
And,1,50
registering,1,50
logging,1,50
publicly.,1,50
think,1,50
desired,1,50
elsewhere.,1,50
control,1,50
network,1,50
firewalls,1,50
security),1,50
Unfortunately,1,50
thing,1,50
secure,1,50
breached,1,50
(by,1,50
violation,1,50
procedures).,1,50
(but,1,50
temporary,1,50
requested,1,50
reset).,1,50
let,1,50
sending,1,50
email.,1,50
shortest,1,50
improvement,1,50
de-identified,1,50
90,1,50
Non-Personal,1,50
retained,1,50
indefinitely,1,50
appropriate.,1,50
remember,1,50
transparency,1,50
projects',1,50
revision,1,50
histories,1,50
critical,1,50
efficacy,1,50
trustworthiness.,1,50
restrict/object,1,50
copy,1,50
purposes,1,50
transmitting,1,50
Contact,1,50
Us.,1,50
respond,1,50
exercise,1,50
intervention.,1,50
registered,1,50
download,1,50
Preferences.,1,50
San,1,50
Francisco,1,50
California,1,50
servers,1,50
centers,1,50
decide,1,50
inside,1,50
outside,1,50
processed,1,50
disclosed,1,50
stringent,1,50
connection,1,50
providing,1,50
strongly,1,50
protecting,1,50
Under,1,50
May,1,50
Share,1,50
web,1,50
signal.,1,50
Not,1,50
Track,1,50
Substantial,1,50
comment,1,50
period,1,50
naturally,1,50
accurately,1,50
reflects,1,50
modify,1,50
time.,1,50
reserve,1,50
manner:,1,50
up-to-date,1,50
continued,1,50
effective,1,50
subsequent,1,50
constitutes,1,50
acceptance,1,50
part.,1,50
suggestions,1,50
directly.,1,50
EUrepresentative.Wikimedia@twobirds.com,1,50
UKrepresentative.Wikimedia@twobirds.com,1,50
Our,1,50
Representative,1,50
contacted,1,50
queries,1,50
relation,1,50
protection.,1,50
jurisdiction,1,50
lodge,1,50
complaint,1,50
supervisory,1,50
competent,1,50
region.,1,50
enjoy,1,50
appreciate,1,50
participation,1,50
constantly,1,50
repository,1,50
differences,1,50
interpretation,1,50
translation,1,50
precedence.,1,50
approved,1,50
Amanda,1,50
Keton,1,50
7,1,50
pursuant,1,50
Delegation,1,50
policy-making,1,50
went,1,50
effect,1,50
2021.,1,50
Previous,1,50
below:,1,50
project.Per,1,52
resolution,1,52
Foundation's,1,52
funds,1,52
supports,1,52
resources.,1,52
empowering,1,52
reach,1,52
vision,1,52
sum,1,52
human,1,52
diverse,1,52
inclusive,1,52
positive,1,52
safe,1,52
healthy,1,52
joins,1,52
join),1,52
ensuring,1,52
remains,1,52
embracing,1,52
revisiting,1,52
updates,1,52
needed.,1,52
Also,1,52
distort,1,52
will:,1,52
defines,1,52
interacts,1,52
contributes,1,52
spaces.,1,52
organizers,1,52
affiliates,1,52
in-person,1,52
virtual,1,52
instances:,1,52
provides,1,52
baseline,1,52
collaboration,1,52
Communities,1,52
context,1,52
criteria,1,52
listed,1,52
standard.,1,52
equally,1,52
exceptions.,1,52
Actions,1,52
contradict,1,52
sanctions.,1,52
imposed,1,52
designated,1,52
(as,1,52
appropriate,1,52
context),1,52
owner,1,52
platforms.,1,52
Every,1,52
Wikimedian,1,52
editor,1,52
functionary,1,52
affiliate,1,52
employee,1,52
responsible,1,52
civility,1,52
collegiality,1,52
solidarity,1,52
good,1,52
citizenship.,1,52
mental,1,52
disabilities,1,52
appearance,1,52
national,1,52
religious,1,52
ethnic,1,52
background,1,52
caste,1,52
class,1,52
fluency,1,52
sexual,1,52
orientation,1,52
identity,1,52
sex,1,52
career,1,52
field.,1,52
Nor,1,52
standing,1,52
skills,1,52
accomplishments,1,52
expect,1,52
others.,1,52
communicating,1,52
mutual,1,52
respect.,1,52
behaviours:,1,52
aims,1,52
behaviours,1,52
movement:,1,52
outrage,1,52
upset,1,52
main,1,52
outcome.,1,52
Behaviour,1,52
beyond,1,52
tolerate,1,52
global,1,52
intercultural,1,52
environment.,1,52
emotional,1,52
vulnerable,1,52
workplaces,1,52
friends,1,52
family,1,52
effort,1,52
embarrass.,1,52
single,1,52
repetition.,1,52
Abuse,1,52
occurs,1,52
someone,1,52
perceived,1,52
privilege,1,52
influence,1,52
engages,1,52
disrespectful,1,52
cruel,1,52
violent,1,52
verbal,1,52
psychological,1,52
overlap,1,52
harassment.,1,52
Deliberately,1,52
biased,1,52
false,1,52
inaccurate,1,52
inappropriate,1,52
hindering,1,52
impeding,1,52
hampering,1,52
(and/or,1,52
maintenance),1,52
